aX,aY,aZ,gX,gY,gZ
0.099,-0.039,0.917,-3.296,27.222,21.423
0.092,-0.033,0.958,3.052,30.884,31.555
0.086,-0.046,0.953,4.211,12.085,16.907
0.079,-0.042,0.942,3.296,2.930,6.409
0.073,-0.041,0.935,2.625,1.709,4.822
0.074,-0.047,0.935,2.319,2.075,4.150
0.078,-0.041,0.932,1.709,2.258,4.089
0.075,-0.039,0.920,1.221,2.014,4.639
0.067,-0.044,0.912,2.136,2.197,4.333
0.059,-0.042,0.919,3.357,2.747,3.906
0.060,-0.037,0.930,3.296,3.601,4.211
0.068,-0.033,0.947,3.418,4.211,4.333
0.078,-0.036,0.960,4.578,4.089,4.211
0.073,-0.034,0.962,5.615,2.686,4.333
0.062,-0.035,0.961,5.920,1.038,4.578
0.059,-0.045,0.958,5.981,0.061,4.517
0.063,-0.049,0.954,6.104,-0.061,3.845
0.067,-0.041,0.950,5.676,0.061,3.357
0.065,-0.036,0.948,4.761,-0.244,3.418
0.062,-0.037,0.948,3.784,-0.122,3.418
0.063,-0.044,0.949,3.418,0.549,2.991
0.060,-0.042,0.951,3.418,1.709,2.502
0.058,-0.040,0.958,2.808,2.380,2.197
0.062,-0.041,0.969,2.319,2.625,1.770
0.071,-0.041,0.983,3.174,2.686,1.404
0.083,-0.045,0.986,4.333,1.770,0.793
0.086,-0.043,0.977,5.188,0.244,0.183
0.084,-0.034,0.969,4.944,-1.282,-0.122
0.088,-0.036,0.957,3.967,-2.380,-0.122
0.089,-0.028,0.940,3.906,-2.258,0.000
0.091,-0.022,0.933,4.272,-1.892,0.366
0.091,-0.027,0.930,4.761,-1.404,0.977
0.088,-0.039,0.933,4.883,-0.488,1.099
0.089,-0.045,0.939,3.601,0.671,0.854
0.091,-0.045,0.942,1.465,1.709,1.038
0.093,-0.044,0.945,0.183,2.136,0.671
0.095,-0.042,0.948,0.427,2.258,-0.061
0.095,-0.035,0.955,1.221,2.136,-0.610
0.099,-0.025,0.967,1.587,1.770,-0.366
0.105,-0.019,0.969,1.038,0.977,0.244
0.105,-0.014,0.957,1.953,-0.183,1.160
0.100,-0.019,0.943,4.700,-1.038,1.648
0.095,-0.029,0.937,7.385,-1.038,2.014
0.091,-0.047,0.939,8.484,-0.427,2.136
0.090,-0.059,0.939,7.202,0.610,2.197
0.090,-0.054,0.937,4.395,1.404,2.380
0.089,-0.049,0.943,2.502,1.648,2.014
0.083,-0.049,0.951,2.014,2.197,1.526
0.087,-0.048,0.955,1.526,3.418,1.099
0.095,-0.039,0.958,0.671,4.272,1.160
0.098,-0.028,0.969,0.122,3.723,1.465
0.096,-0.029,0.979,0.854,2.808,2.136
0.096,-0.031,0.980,1.953,1.770,2.625
0.093,-0.031,0.977,3.784,0.610,2.869
0.084,-0.046,0.967,6.104,-0.061,2.441
0.081,-0.056,0.953,6.897,-0.244,1.953
0.080,-0.057,0.939,5.249,0.000,1.526
0.080,-0.049,0.931,3.540,0.916,0.916
0.086,-0.040,0.936,2.563,2.136,0.671
0.090,-0.038,0.944,2.563,2.625,0.793
0.091,-0.039,0.958,3.174,2.747,1.343
0.090,-0.047,0.958,3.601,2.319,1.770
0.085,-0.049,0.950,2.991,1.831,1.648
0.081,-0.041,0.949,2.136,1.587,1.648
0.085,-0.035,0.953,1.648,1.892,2.197
0.091,-0.033,0.961,2.502,1.831,2.563
0.092,-0.032,0.964,3.601,1.282,3.174
0.089,-0.033,0.963,3.662,0.549,3.967
0.084,-0.038,0.958,3.174,-0.244,4.395
0.073,-0.051,0.946,2.869,0.366,4.456
0.070,-0.054,0.941,2.380,1.160,3.967
0.071,-0.050,0.943,2.441,2.136,3.296
0.069,-0.056,0.947,3.113,2.869,2.747
0.070,-0.065,0.953,3.296,3.174,2.014
0.069,-0.060,0.961,2.258,2.930,1.648
0.075,-0.050,0.968,-0.061,2.319,1.831
0.085,-0.040,0.964,-1.343,1.526,2.136
0.091,-0.036,0.954,0.061,0.854,2.319
0.086,-0.036,0.941,2.625,0.305,2.502
0.081,-0.036,0.935,4.395,0.000,2.502
0.076,-0.044,0.938,5.005,0.244,3.052
0.067,-0.055,0.939,4.700,1.038,3.296
0.065,-0.056,0.948,3.418,1.831,3.174
0.069,-0.050,0.957,2.197,2.380,2.930
0.072,-0.046,0.960,2.258,2.319,2.686
0.076,-0.043,0.962,2.563,1.587,2.380
0.074,-0.043,0.956,2.686,0.793,2.441
0.070,-0.041,0.952,2.991,0.305,2.502
0.068,-0.040,0.953,3.052,0.671,2.563
0.069,-0.046,0.955,2.502,1.343,2.563
0.072,-0.047,0.961,2.441,2.014,2.136
0.073,-0.045,0.968,1.831,2.197,1.831
0.074,-0.050,0.966,1.587,2.014,1.709
0.077,-0.049,0.960,2.197,1.465,1.221
0.077,-0.051,0.955,3.540,1.160,0.671
0.076,-0.054,0.954,3.479,0.854,0.061
0.077,-0.050,0.950,1.892,0.732,-0.427
0.075,-0.032,0.949,0.549,0.366,-0.488
0.078,-0.020,0.950,0.549,0.366,0.061
0.080,-0.022,0.948,2.686,0.671,0.183
0.073,-0.036,0.943,5.249,0.793,-0.122
0.077,-0.038,0.947,5.981,0.977,-0.122
0.076,-0.037,0.947,4.639,1.404,0.427
0.077,-0.032,0.945,2.136,1.831,1.282
0.072,-0.033,0.948,0.793,1.709,1.770
0.072,-0.036,0.953,0.916,1.892,2.075
0.068,-0.033,0.957,2.075,1.160,2.136
0.061,-0.039,0.965,4.150,0.488,2.197
0.056,-0.049,0.972,4.944,-0.183,1.953
0.054,-0.052,0.972,3.845,-0.732,1.831
0.055,-0.052,0.964,1.831,-0.732,1.953
0.051,-0.050,0.956,1.282,-1.038,1.526
0.050,-0.045,0.953,1.465,-1.404,1.282
0.051,-0.046,0.945,2.380,-1.465,0.977
0.048,-0.051,0.938,4.639,-1.221,0.061
0.048,-0.064,0.934,6.226,-0.671,-0.793
0.048,-0.066,0.933,5.615,0.000,-1.709
0.055,-0.057,0.938,3.296,0.793,-2.136
0.063,-0.046,0.943,0.916,1.099,-2.197

1.093,-0.400,0.949,93.262,13.733,-81.421
1.033,-0.373,0.929,95.825,0.183,-78.674
0.985,-0.366,0.940,97.351,-5.310,-78.796
0.915,-0.354,0.952,96.313,-0.549,-77.637
0.914,-0.340,0.954,92.590,13.672,-73.669
0.996,-0.333,0.921,87.952,30.823,-71.228
0.998,-0.378,0.943,84.595,40.344,-70.129
1.004,-0.367,0.992,82.520,46.326,-65.063
0.999,-0.387,1.012,78.430,52.307,-57.739
1.046,-0.366,1.040,72.998,55.725,-47.058
1.101,-0.381,1.074,68.237,57.129,-39.917
1.153,-0.398,1.106,64.026,54.688,-40.710
1.190,-0.393,1.100,61.279,47.668,-44.922
1.194,-0.371,1.098,60.486,36.316,-47.729
1.143,-0.371,1.089,57.129,23.926,-48.035
1.079,-0.408,1.051,52.368,14.648,-44.800
1.079,-0.407,1.022,47.913,12.634,-41.870
1.184,-0.474,1.024,42.969,14.526,-39.551
1.057,-0.385,0.856,37.109,-8.484,-44.434
0.937,-0.320,1.011,39.124,-27.405,-26.367
0.895,-0.301,0.894,36.377,-15.564,-16.479
0.942,-0.377,0.821,35.339,-1.343,-14.465
0.950,-0.398,0.775,32.654,2.319,-15.259
0.925,-0.390,0.790,32.471,-5.432,-14.893
1.096,-0.430,0.553,42.542,-23.987,-15.625
1.269,-0.522,0.217,68.054,-94.238,-8.667
1.182,-0.704,-0.082,75.623,-210.693,20.569
1.065,-0.710,-0.002,39.978,-347.961,44.800
0.335,-0.814,1.334,-46.875,-476.379,40.771
-0.287,-0.336,1.779,-189.514,-496.765,28.198
-0.363,-0.005,1.737,-236.816,-325.378,24.780
0.038,0.129,1.025,-160.095,-152.039,22.705
0.339,-0.089,1.043,-39.063,-40.222,22.400
0.566,-0.096,0.924,34.058,19.653,17.212
0.573,-0.209,0.941,55.237,18.921,13.611
0.531,-0.351,1.017,44.128,2.319,9.399
0.433,-0.409,1.016,21.729,-7.568,10.925
0.380,-0.396,1.017,7.812,-10.742,13.733
0.379,-0.353,1.008,2.991,-9.094,12.390
0.371,-0.340,0.982,1.709,-7.202,8.789
0.350,-0.363,0.959,0.916,-5.798,5.188
0.320,-0.380,0.948,-1.343,-6.836,3.967
0.314,-0.394,0.940,-4.089,-8.606,4.456
0.310,-0.400,0.930,-7.507,-12.085,4.272
0.330,-0.382,0.918,-10.803,-13.855,3.540
0.345,-0.347,0.925,-10.681,-15.320,3.113
0.369,-0.315,0.915,-4.272,-16.541,1.343
0.390,-0.294,0.883,6.042,-14.160,-2.014
0.401,-0.286,0.853,15.930,-12.085,-4.089
0.395,-0.281,0.842,23.071,-10.254,-4.578
0.395,-0.306,0.845,26.794,-6.470,-3.662
0.420,-0.364,0.887,25.391,-2.563,-2.441
0.437,-0.414,0.904,17.090,-2.258,0.977
0.440,-0.410,0.894,6.836,-5.737,4.150
0.433,-0.412,0.894,0.427,-9.766,3.540
0.406,-0.398,0.877,-1.282,-10.986,-0.183
0.341,-0.408,0.844,-1.831,-10.986,-1.831
0.306,-0.436,0.845,-3.479,-8.118,-2.380
0.315,-0.440,0.886,-8.850,-5.615,0.000
0.347,-0.416,0.936,-17.456,-6.653,5.066
0.380,-0.350,1.001,-21.362,-5.981,4.944
0.452,-0.307,1.072,-21.729,-2.625,0.610
0.533,-0.264,1.101,-23.437,2.075,-4.456
0.574,-0.222,1.125,-26.306,1.465,-8.057
0.634,-0.170,1.159,-29.297,0.000,-9.949
0.673,-0.100,1.152,-29.663,-0.183,-10.193
0.689,-0.037,1.124,-24.353,-0.366,-10.193
0.698,-0.008,1.146,-18.555,2.991,-11.658
0.694,-0.006,1.185,-18.311,5.615,-11.230
0.723,-0.024,1.203,-22.644,6.775,-6.958
0.648,-0.031,1.239,-27.527,8.057,-0.488
0.611,-0.021,1.286,-32.288,10.132,-0.305
0.569,-0.011,1.340,-33.508,17.334,-4.089
0.521,0.001,1.366,-30.762,31.799,-7.019
0.505,-0.006,1.396,-24.841,56.824,-11.780
0.487,-0.042,1.451,-21.973,87.830,-16.235
0.495,-0.105,1.492,-23.193,122.681,-20.813
0.527,-0.129,1.484,-26.733,158.081,-23.254
0.680,-0.133,1.536,-30.396,185.974,-25.269
0.847,-0.118,1.533,-40.955,188.049,-22.278
0.928,-0.066,1.448,-55.115,165.710,-9.094
1.001,-0.068,1.426,-54.565,143.799,2.991
1.045,-0.106,1.384,-46.143,130.371,7.629
1.041,-0.195,1.314,-40.527,122.925,4.822
1.058,-0.329,1.185,-41.016,119.507,-1.282
1.050,-0.426,1.116,-53.345,106.567,-7.141
0.962,-0.405,1.092,-78.064,80.078,-10.803
0.869,-0.423,1.131,-94.421,68.604,-14.465
0.743,-0.451,1.151,-105.896,65.247,-22.156
0.763,-0.484,1.123,-110.535,76.843,-34.241
0.831,-0.443,1.168,-114.685,100.220,-44.128
0.887,-0.382,1.142,-124.084,120.300,-48.584
0.990,-0.341,1.145,-129.333,131.348,-48.706
1.151,-0.281,1.205,-127.686,138.489,-45.166
1.265,-0.227,1.303,-122.986,143.127,-37.781
1.369,-0.296,1.336,-111.206,146.484,-28.503
1.422,-0.397,1.286,-95.703,141.418,-16.968
1.446,-0.462,1.220,-86.853,125.061,-5.127
1.341,-0.456,1.176,-86.609,102.234,6.226
1.239,-0.468,1.068,-90.210,82.642,15.442
1.062,-0.470,1.057,-99.792,64.697,20.813
0.906,-0.489,1.047,-103.699,64.758,23.987
0.765,-0.522,1.006,-100.464,82.092,25.696
0.680,-0.536,1.062,-98.267,104.431,29.480
0.708,-0.545,1.125,-100.586,130.554,35.339
0.763,-0.568,1.120,-102.234,149.841,40.833
0.773,-0.597,1.148,-99.243,155.640,40.344
0.752,-0.616,1.163,-98.206,156.494,38.635
0.775,-0.637,1.107,-102.783,154.602,41.260
0.799,-0.587,1.035,-108.459,148.987,43.823
0.808,-0.499,0.994,-112.610,143.799,43.091
0.715,-0.437,0.929,-111.938,140.137,43.274
0.680,-0.347,0.852,-107.727,143.738,46.631
0.602,-0.334,0.780,-103.333,140.137,62.439
0.626,-0.364,0.708,-96.924,139.587,76.294
0.632,-0.438,0.631,-84.717,132.751,83.862
0.752,-0.482,0.473,-74.402,117.981,76.477
0.536,-0.464,0.521,-71.228,81.909,61.951
0.221,-0.417,0.517,-66.223,56.213,59.204

0.774,-0.484,1.402,138.550,-1.221,-57.556
0.839,-0.521,1.495,134.277,-4.333,-53.162
0.946,-0.503,1.511,126.770,-5.127,-50.049
0.996,-0.473,1.543,116.272,-13.733,-44.189
1.001,-0.434,1.501,104.797,-27.588,-33.569
0.962,-0.380,1.441,96.313,-40.894,-23.071
0.860,-0.403,1.342,91.064,-52.246,-13.245
0.858,-0.357,1.213,86.792,-50.110,-9.277
0.786,-0.385,1.166,84.412,-56.213,-5.859
0.734,-0.405,1.125,83.374,-61.157,-0.671
0.665,-0.409,1.071,84.229,-63.416,2.930
0.594,-0.410,1.018,87.036,-62.866,3.418
0.530,-0.414,1.007,90.088,-59.143,1.282
0.519,-0.430,1.024,91.431,-50.354,-0.793
0.506,-0.419,1.072,91.614,-38.818,-1.953
0.515,-0.411,1.118,90.881,-27.832,-0.488
0.552,-0.428,1.209,89.417,-18.188,2.258
0.588,-0.461,1.288,84.595,-10.254,6.714
0.603,-0.468,1.307,76.965,-4.395,12.390
0.588,-0.453,1.306,69.885,-2.869,15.991
0.583,-0.434,1.313,65.552,-3.845,18.921
0.553,-0.453,1.289,63.171,-7.629,23.987
0.506,-0.452,1.215,59.082,-13.489,31.616
0.423,-0.494,1.125,54.810,-16.724,40.771
0.410,-0.537,1.030,51.392,-10.498,45.288
0.441,-0.680,1.085,47.302,-1.465,43.823
0.315,-0.643,0.991,42.053,-6.897,32.959
0.238,-0.628,1.049,40.833,-13.062,34.912
0.340,-0.597,0.948,38.574,11.414,28.198
0.450,-0.627,0.919,38.513,7.935,17.273
0.486,-0.632,0.922,40.344,-4.944,6.897
0.437,-0.633,0.945,42.786,-14.648,-3.235
0.411,-0.567,0.901,41.321,-10.193,-11.902
0.386,-0.530,0.855,37.170,-5.676,-14.526
0.390,-0.480,0.858,34.607,0.000,-14.954
0.385,-0.466,0.862,35.217,7.568,-13.611
0.352,-0.483,0.896,34.729,14.099,-10.376
0.378,-0.520,0.946,31.006,22.705,-5.859
0.459,-0.543,1.001,23.193,31.006,-4.089
0.603,-0.581,1.001,15.625,31.982,-5.554
0.731,-0.590,1.002,7.385,15.015,-12.024
0.649,-0.484,1.081,-0.122,-14.282,-18.555
0.598,-0.488,1.052,-0.671,-32.288,-20.874
0.534,-0.449,0.908,-12.146,-44.495,-17.517
0.601,-0.514,0.885,-25.330,-59.204,-11.414
0.678,-0.609,0.999,-46.204,-83.008,-4.089
0.487,-0.330,0.901,-72.327,-106.201,6.348
0.414,-0.255,0.893,-62.317,-102.600,14.160
0.408,-0.355,0.857,-50.659,-100.159,15.686
0.331,-0.387,0.862,-56.091,-106.750,16.602
0.239,-0.443,0.936,-59.692,-108.398,17.090
0.201,-0.368,1.025,-55.847,-95.093,14.465
0.081,-0.439,1.035,-49.622,-77.026,11.414
0.022,-0.500,1.019,-32.349,-41.321,4.089
0.155,-0.504,0.956,-9.094,-7.080,-4.700
0.237,-0.464,0.957,-0.793,2.930,-11.475
0.228,-0.436,0.956,-2.930,0.427,-12.451
0.251,-0.456,0.945,-3.540,-0.122,-12.695
0.267,-0.482,0.924,-4.822,-3.662,-14.648
0.297,-0.467,0.910,-7.141,-7.446,-15.808
0.326,-0.400,0.890,-7.812,-8.972,-14.343
0.289,-0.377,0.824,-6.470,-10.681,-11.047
0.238,-0.424,0.763,-2.075,-10.498,-7.751
0.197,-0.450,0.747,1.648,-8.301,-4.517
0.176,-0.463,0.740,1.587,-4.700,-1.099
0.179,-0.466,0.735,-0.549,1.404,1.404
0.198,-0.487,0.766,-1.038,9.033,3.113
0.214,-0.515,0.822,-1.648,15.564,5.249
0.242,-0.539,0.898,-3.540,17.578,6.409
0.301,-0.528,0.959,-5.188,14.954,7.202
0.347,-0.528,1.002,-5.249,6.409,7.935
0.352,-0.500,0.997,-5.066,-5.005,7.385
0.322,-0.440,0.974,-5.005,-15.076,6.592
0.301,-0.395,0.970,-5.005,-19.226,7.202
0.322,-0.365,0.968,-6.348,-17.944,9.827
0.355,-0.322,0.947,-7.263,-16.479,11.475
0.370,-0.251,0.969,-4.395,-14.893,10.315
0.371,-0.203,1.037,-0.061,-9.888,8.362
0.365,-0.202,1.104,1.404,-2.014,6.836
0.414,-0.142,1.199,2.014,7.446,1.892
0.450,-0.097,1.298,2.258,11.841,-0.427
0.486,-0.126,1.469,2.258,17.700,-0.977
0.522,-0.150,1.644,-1.465,25.757,-2.808
0.522,-0.129,1.754,-10.681,30.090,-3.967
0.511,-0.094,1.829,-21.606,25.818,-3.723
0.484,-0.096,1.877,-31.494,16.663,-0.732
0.440,-0.132,1.877,-42.236,5.005,4.028
0.412,-0.173,1.822,-54.260,-3.540,6.836
0.374,-0.218,1.755,-65.369,-6.409,7.751
0.328,-0.265,1.687,-76.416,-3.967,4.944
0.278,-0.301,1.606,-87.952,5.554,-1.648
0.228,-0.315,1.494,-99.731,20.691,-9.399
0.174,-0.351,1.420,-109.436,41.992,-20.813
0.132,-0.394,1.375,-116.577,69.397,-36.133
0.242,-0.369,1.408,-121.582,100.830,-54.932
0.498,-0.271,1.536,-123.901,128.601,-70.984
0.693,-0.241,1.674,-124.512,142.456,-75.806
0.796,-0.250,1.722,-129.272,145.142,-71.655
0.864,-0.240,1.714,-137.024,142.883,-64.026
0.881,-0.227,1.681,-144.592,140.442,-53.467
0.810,-0.251,1.630,-150.330,141.602,-39.917
0.772,-0.302,1.588,-155.457,142.395,-27.405
0.660,-0.396,1.561,-154.846,143.433,-16.907
0.555,-0.498,1.523,-154.907,148.376,-10.193
0.527,-0.552,1.511,-157.898,156.494,-9.399
0.562,-0.560,1.515,-160.706,162.659,-11.780
0.610,-0.575,1.512,-160.767,161.743,-15.869
0.633,-0.576,1.500,-157.776,152.893,-20.447
0.608,-0.554,1.452,-154.663,140.442,-22.339
0.595,-0.536,1.370,-153.442,129.822,-20.874
0.552,-0.499,1.310,-152.710,126.160,-19.409
0.618,-0.461,1.231,-152.344,133.118,-16.724
0.685,-0.444,1.202,-151.978,135.315,-12.756
0.677,-0.394,1.154,-149.780,129.639,-7.568
0.620,-0.365,1.089,-146.301,124.756,-0.427
0.622,-0.337,1.049,-143.005,128.357,7.263
0.629,-0.313,1.005,-138.245,134.827,15.930
0.620,-0.320,0.970,-132.141,136.902,24.353
0.612,-0.335,0.969,-126.221,137.634,29.968

0.101,-0.731,1.867,-23.987,24.841,11.353
0.110,-0.751,1.856,-40.222,14.404,7.385
0.125,-0.720,1.779,-54.382,2.075,0.122
0.092,-0.677,1.714,-62.561,-9.583,-4.578
0.040,-0.648,1.663,-67.322,-18.005,-5.554
0.014,-0.653,1.634,-71.655,-19.043,-4.639
0.042,-0.659,1.658,-74.707,-13.672,-2.991
0.089,-0.674,1.686,-77.454,-9.033,-1.343
0.122,-0.685,1.697,-81.055,-8.850,0.427
0.118,-0.677,1.682,-85.327,-11.353,2.441
0.092,-0.677,1.639,-90.393,-12.451,5.615
0.062,-0.697,1.601,-95.581,-9.460,10.315
0.069,-0.721,1.606,-99.854,-2.441,14.282
0.085,-0.751,1.620,-104.248,4.639,17.334
0.099,-0.780,1.626,-108.215,7.324,18.921
0.082,-0.821,1.628,-110.352,6.226,18.494
0.063,-0.832,1.636,-113.159,4.028,15.869
0.004,-0.859,1.631,-117.859,2.014,13.916
-0.011,-0.885,1.622,-122.498,-0.305,12.146
-0.010,-0.895,1.606,-127.686,-1.648,10.193
-0.015,-0.907,1.568,-132.874,-3.540,7.629
-0.009,-0.913,1.528,-137.878,-4.883,5.493
0.018,-0.912,1.493,-142.578,-4.761,3.845
0.018,-0.911,1.436,-146.179,-5.066,2.808
-0.012,-0.898,1.365,-150.818,-6.409,1.343
-0.044,-0.881,1.298,-155.457,-5.859,0.366
-0.044,-0.889,1.248,-156.799,-1.648,0.366
-0.026,-0.889,1.209,-157.349,5.188,0.061
0.013,-0.852,1.157,-158.386,12.817,1.404
-0.037,-0.839,1.073,-158.264,17.395,4.700
0.013,-0.819,1.104,-157.532,20.081,5.737
-0.474,-0.714,0.818,-157.166,25.330,4.761
-0.339,-0.414,1.070,-142.029,84.656,-1.160
-0.359,-0.457,0.996,-122.253,153.442,-1.892
-0.418,-0.397,1.450,-91.614,267.456,-18.005
0.165,-0.321,0.790,-69.397,404.419,-33.142
0.673,-0.862,0.263,-48.889,387.024,-27.954
0.827,-1.044,0.430,-25.452,245.850,-8.301
0.732,-1.187,0.654,-54.382,116.943,18.555
0.535,-1.120,0.774,-112.793,20.508,36.133
0.360,-0.775,0.760,-156.067,-33.020,35.583
0.134,-0.661,0.584,-166.382,-45.959,23.254
-0.135,-0.555,0.404,-161.072,-45.410,19.897
-0.529,-0.496,0.203,-155.945,-32.288,19.348
-0.825,-0.424,-0.094,-147.400,1.709,18.433
-0.980,-0.452,-0.346,-129.639,62.683,15.991
-0.712,-0.482,-0.343,-109.741,123.230,-3.479
-0.308,-0.278,-0.124,-104.919,136.353,-25.879
-0.010,-0.145,-0.067,-103.210,113.342,-32.898
-0.051,-0.177,0.021,-83.069,96.558,-29.968
-0.020,-0.062,0.041,-70.313,105.835,-27.710
0.201,0.219,0.053,-59.082,128.174,-22.766
0.406,0.082,-0.124,-31.860,130.615,-17.090
0.509,-0.073,-0.236,-24.536,98.083,-6.897
0.576,0.035,-0.158,-43.701,53.162,7.812
0.565,0.272,0.001,-63.904,15.320,21.240
0.572,0.431,0.122,-68.115,-4.944,24.536
0.493,0.301,0.186,-57.007,-24.353,25.269
0.375,0.285,0.188,-46.570,-41.138,41.687
0.273,0.258,0.202,-40.283,-46.875,61.584
0.202,0.190,0.263,-36.072,-50.415,71.045
0.129,0.175,0.296,-32.776,-51.147,70.496
0.012,0.211,0.358,-31.799,-52.979,60.059
-0.072,0.216,0.455,-28.687,-45.593,45.959
-0.093,0.162,0.530,-23.560,-23.804,33.325
-0.016,0.128,0.594,-19.104,5.005,20.935
0.111,0.159,0.601,-18.616,28.015,7.385
0.225,0.228,0.604,-21.606,38.208,-3.723
0.331,0.324,0.557,-23.132,41.931,-11.047
0.404,0.428,0.541,-21.179,39.368,-15.015
0.498,0.454,0.538,-18.188,29.663,-14.587
0.594,0.499,0.518,-14.893,20.142,-8.606
0.638,0.515,0.551,-14.709,10.376,-2.686
0.651,0.530,0.583,-12.329,4.395,7.996
0.647,0.493,0.636,-6.470,0.916,21.790
0.631,0.430,0.700,-1.160,-4.761,34.851
0.597,0.366,0.733,0.549,-13.794,43.579
0.508,0.299,0.756,-0.061,-25.757,46.814
0.396,0.253,0.780,-0.793,-33.752,47.668
0.276,0.215,0.762,-2.930,-36.438,46.326
0.181,0.214,0.728,-7.690,-34.241,40.894
0.117,0.248,0.688,-12.329,-27.893,33.691
0.064,0.284,0.611,-15.808,-20.264,25.818
0.042,0.347,0.551,-17.273,-10.071,18.127
0.058,0.431,0.512,-15.625,2.319,10.498
0.101,0.460,0.500,-11.963,13.855,5.005
0.166,0.459,0.512,-6.714,22.461,5.310
0.231,0.449,0.504,-2.197,28.076,7.385
0.247,0.454,0.538,1.526,27.222,9.216
0.277,0.442,0.604,4.333,21.851,11.169
0.305,0.408,0.632,6.836,20.508,14.587
0.327,0.363,0.675,8.667,18.005,17.334
0.339,0.335,0.700,7.751,12.268,18.738
0.333,0.327,0.718,6.226,5.005,16.785
0.281,0.341,0.712,4.883,-1.648,13.000
0.225,0.333,0.694,4.517,-6.470,8.179
0.172,0.330,0.671,4.028,-6.409,3.479
0.145,0.355,0.661,3.235,-1.892,-0.488
0.143,0.377,0.641,2.014,5.615,-2.808
0.168,0.420,0.636,1.587,13.489,-3.357
0.218,0.435,0.653,3.601,19.226,-3.906
0.273,0.426,0.662,7.141,19.775,-4.517
0.321,0.401,0.674,9.338,14.404,-4.578
0.342,0.388,0.691,10.193,5.188,-3.967
0.336,0.392,0.674,10.376,-3.418,-3.540
0.300,0.404,0.642,10.315,-9.216,-3.845
0.274,0.412,0.626,11.108,-12.451,-3.601
0.260,0.407,0.604,12.634,-10.925,-3.296
0.262,0.406,0.597,13.733,-7.080,-3.174
0.281,0.401,0.604,14.587,-3.845,-2.808
0.299,0.384,0.607,15.625,0.488,-2.380
0.319,0.367,0.624,17.273,3.540,-2.686
0.330,0.348,0.644,18.677,3.845,-3.113
0.346,0.339,0.636,19.409,3.418,-3.235
0.366,0.311,0.637,20.386,-1.404,-2.991
0.373,0.292,0.630,21.667,-9.460,-2.136
0.363,0.262,0.613,22.339,-20.752,-2.014
0.329,0.232,0.582,23.132,-33.325,-0.549
0.291,0.190,0.537,23.743,-44.922,1.770

0.595,-0.490,1.417,-48.096,-160.706,-44.250
0.314,-0.373,0.823,53.589,-216.614,-52.185
0.180,-0.337,0.571,96.924,-217.346,-35.339
-0.071,-0.518,0.576,65.186,-192.749,11.963
0.010,-0.668,0.513,34.302,-132.874,39.063
0.010,-0.944,0.621,-1.770,-98.572,61.279
-0.126,-1.514,1.178,-55.969,-79.651,69.092
0.160,-1.250,0.794,-134.521,-58.716,54.382
0.154,-0.693,0.853,-147.156,-58.472,53.101
0.017,-0.333,1.166,-104.919,-79.224,32.104
0.009,-0.349,1.056,-50.781,-54.565,-9.827
-0.010,-0.510,0.881,-9.399,-24.963,-31.555
0.040,-0.584,0.839,14.404,-7.324,-23.804
0.089,-0.595,0.855,22.583,3.296,-11.414
0.147,-0.672,0.857,19.592,5.981,-7.812
0.135,-0.723,0.858,11.047,3.235,-4.761
0.105,-0.686,0.850,-1.221,-2.502,-2.441
0.072,-0.649,0.822,-9.460,-3.784,-0.244
0.019,-0.666,0.814,-12.512,-4.333,2.808
-0.026,-0.697,0.798,-13.550,-0.122,6.531
-0.053,-0.738,0.788,-18.188,7.324,10.254
-0.067,-0.773,0.746,-28.931,10.864,13.977
-0.097,-0.787,0.710,-45.105,13.977,16.174
-0.043,-0.732,0.640,-65.247,20.447,18.738
-0.016,-0.722,0.614,-85.876,20.447,27.771
-0.061,-0.653,0.615,-106.262,10.559,45.715
-0.048,-0.596,0.709,-121.521,1.404,62.500
0.022,-0.517,0.866,-119.751,-3.296,73.181
0.091,-0.421,0.975,-98.083,0.122,77.393
0.145,-0.398,0.999,-72.693,7.080,81.055
0.147,-0.392,0.980,-50.415,10.010,89.600
0.172,-0.415,1.005,-34.973,8.972,98.083
0.253,-0.446,1.105,-30.029,7.019,101.318
0.344,-0.458,1.211,-32.776,2.808,95.642
0.407,-0.437,1.249,-36.438,-2.136,82.764
0.460,-0.419,1.304,-31.128,-6.042,64.880
0.442,-0.427,1.401,-19.043,-12.756,43.518
0.347,-0.445,1.458,-13.977,-15.747,15.320
0.230,-0.475,1.467,-29.419,-15.259,-13.611
0.132,-0.507,1.530,-58.594,-17.456,-36.255
0.027,-0.563,1.597,-93.201,-28.076,-46.570
-0.030,-0.593,1.633,-124.512,-37.109,-48.401
0.028,-0.499,1.723,-147.705,-33.508,-46.326
0.021,-0.361,1.809,-163.147,-25.635,-36.438
0.061,-0.266,1.824,-172.302,-24.658,-32.593
-0.016,-0.235,1.839,-173.828,-25.635,-33.142
-0.104,-0.146,1.878,-170.166,-23.132,-35.522
-0.086,-0.005,1.980,-157.776,-15.137,-23.743
0.064,-0.123,1.922,-136.230,-8.423,0.488
0.164,-0.314,1.860,-125.488,-10.681,8.484
0.130,-0.351,1.900,-132.568,-19.165,7.996
0.054,-0.304,1.896,-145.264,-23.315,7.141
0.054,-0.296,1.849,-154.236,-25.635,4.700
0.110,-0.297,1.839,-159.119,-32.471,1.038
0.116,-0.346,1.837,-161.194,-43.579,0.305
0.129,-0.375,1.817,-163.147,-50.415,-1.831
0.122,-0.351,1.782,-167.236,-54.321,-4.944
0.115,-0.336,1.745,-168.640,-59.631,-9.216
0.108,-0.305,1.710,-165.894,-64.026,-13.062
0.111,-0.297,1.683,-164.001,-64.453,-15.259
0.123,-0.282,1.663,-165.466,-61.462,-14.343
0.118,-0.279,1.615,-171.082,-57.800,-11.658
0.113,-0.256,1.547,-178.040,-54.077,-8.545
0.096,-0.245,1.451,-180.176,-51.270,-5.737
0.058,-0.266,1.373,-180.298,-50.598,-2.197
-0.014,-0.300,1.317,-181.274,-46.814,1.709
-0.040,-0.328,1.277,-184.143,-37.537,3.418
-0.077,-0.326,1.216,-188.904,-27.893,3.235
-0.084,-0.307,1.132,-191.650,-20.569,0.916
-0.078,-0.261,1.084,-191.040,-18.005,-3.235
0.018,-0.243,1.116,-187.805,-17.090,-7.935
-0.184,-0.244,0.973,-185.425,-18.555,-11.841
-0.193,-0.184,0.892,-177.368,-4.395,-18.982
-0.305,-0.221,0.782,-167.847,14.160,-25.635
-0.209,-0.252,0.631,-156.677,52.551,-38.879
-0.078,-0.093,0.609,-154.419,72.632,-46.997
0.109,-0.096,0.569,-147.827,66.345,-43.579
0.129,-0.009,0.701,-146.851,24.719,-33.630
0.057,-0.009,0.662,-144.836,-25.940,-25.269
-0.000,-0.018,0.593,-134.155,-51.514,-23.682
-0.107,-0.052,0.498,-124.817,-59.021,-26.306
-0.221,-0.104,0.426,-120.056,-54.382,-32.593
-0.242,-0.112,0.383,-119.690,-41.443,-41.504
-0.362,-0.135,0.265,-119.690,-23.010,-55.359
-0.326,-0.030,0.246,-114.319,9.460,-73.914
-0.207,0.032,0.263,-108.887,28.137,-85.571
-0.180,0.027,0.242,-104.919,30.701,-94.055
-0.038,0.132,0.308,-97.229,41.626,-104.553
0.141,0.300,0.301,-87.891,53.284,-106.812
0.333,0.391,0.305,-75.439,49.927,-98.511
0.470,0.448,0.382,-61.768,28.870,-82.397
0.503,0.524,0.457,-54.199,6.104,-61.279
0.458,0.493,0.549,-52.368,-4.395,-35.400
0.423,0.526,0.513,-60.364,-3.784,-11.780
0.421,0.568,0.496,-69.702,1.587,10.681
0.319,0.541,0.516,-72.388,-2.258,30.151
0.237,0.491,0.528,-69.946,-3.784,39.612
0.151,0.497,0.503,-65.247,-0.793,39.856
0.123,0.503,0.548,-54.871,5.188,35.339
0.088,0.482,0.585,-46.692,3.296,31.494
0.052,0.471,0.630,-41.443,1.648,27.832
0.021,0.482,0.666,-38.269,2.319,24.170
-0.015,0.469,0.677,-35.950,6.226,23.376
-0.041,0.464,0.652,-36.743,11.780,24.597
-0.010,0.477,0.589,-39.551,16.113,26.489
-0.088,0.522,0.512,-40.955,16.113,28.809
-0.069,0.572,0.452,-43.213,14.343,27.649
-0.014,0.551,0.472,-41.809,12.634,27.344
0.043,0.511,0.521,-43.152,12.085,32.227
-0.005,0.462,0.569,-48.706,10.193,40.039
0.016,0.422,0.568,-55.420,3.662,41.016
0.001,0.398,0.518,-60.303,-6.592,37.231
-0.064,0.395,0.434,-62.134,-21.179,28.809
-0.148,0.374,0.341,-58.777,-35.522,15.930
-0.213,0.354,0.250,-52.795,-41.321,-0.122
-0.326,0.371,0.197,-49.561,-39.551,-19.043
-0.479,0.420,0.230,-51.819,-35.400,-43.274
-0.365,0.348,0.239,-59.387,-23.560,-70.435
-0.133,0.349,0.325,-73.792,-3.784,-91.675

0.311,-0.469,1.883,180.908,62.073,-30.640
0.170,-0.273,1.770,172.241,39.368,-31.433
0.414,-0.289,1.785,169.067,26.978,-25.330
0.272,-0.237,1.834,158.386,0.854,-15.381
0.220,-0.209,1.786,153.931,-1.465,-8.423
0.256,-0.195,1.839,149.658,2.808,-3.235
0.158,-0.172,1.879,140.320,0.549,1.282
0.103,-0.165,1.913,133.362,4.944,4.883
0.063,-0.196,1.936,127.625,9.216,8.484
0.035,-0.255,1.980,120.361,11.963,9.827
0.030,-0.308,2.005,109.070,11.292,7.324
0.063,-0.286,2.001,96.313,6.653,0.488
0.083,-0.221,1.926,83.252,-1.709,-6.409
0.090,-0.157,1.835,73.059,-9.033,-11.719
0.091,-0.130,1.741,66.040,-13.611,-13.855
0.097,-0.134,1.648,59.937,-13.245,-14.099
0.074,-0.108,1.572,54.749,-9.583,-13.611
0.089,-0.137,1.521,51.208,-3.906,-12.207
0.098,-0.137,1.498,46.265,-0.427,-10.498
0.134,-0.164,1.468,41.138,3.662,-7.324
0.151,-0.186,1.420,36.194,5.920,-4.944
0.174,-0.208,1.401,32.654,7.874,-3.540
0.207,-0.199,1.384,27.466,9.827,-2.991
0.200,-0.197,1.318,19.836,9.216,0.061
0.204,-0.210,1.273,14.893,10.559,4.211
0.205,-0.253,1.247,12.390,10.132,6.714
0.165,-0.283,1.229,11.536,8.789,5.188
0.141,-0.305,1.178,10.864,8.362,2.258
0.106,-0.321,1.127,9.033,8.057,-0.488
0.074,-0.342,1.076,8.423,8.301,-3.296
0.037,-0.365,1.031,8.972,10.315,-6.958
0.075,-0.346,1.091,8.362,16.907,-10.254
0.104,-0.375,1.068,6.592,21.057,-11.353
0.123,-0.373,1.052,-0.793,27.527,-11.658
0.195,-0.328,1.074,-8.606,33.997,-10.498
0.263,-0.346,1.112,-10.986,30.945,-7.812
0.229,-0.335,1.065,-14.282,23.621,-1.160
0.247,-0.319,1.031,-21.118,24.109,0.427
0.279,-0.439,0.900,-27.466,20.996,5.859
0.230,-0.340,0.973,-44.922,3.540,18.250
0.154,-0.271,1.020,-60.913,-7.568,23.315
0.076,-0.253,0.958,-60.974,0.671,21.484
0.109,-0.190,0.949,-41.687,17.212,19.165
0.201,-0.265,0.997,-16.113,22.461,18.494
0.153,-0.357,1.001,-1.709,12.146,16.846
0.109,-0.429,0.972,2.502,2.258,13.123
0.087,-0.424,0.969,0.244,-4.517,6.287
0.085,-0.358,0.956,-1.953,-4.822,-1.526
0.095,-0.305,0.955,0.305,-3.784,-5.066
0.118,-0.293,0.961,5.493,-4.211,-4.395
0.127,-0.319,0.962,10.132,-4.944,-3.113
0.120,-0.344,0.965,10.742,-5.310,-0.916
0.110,-0.354,0.944,8.606,-4.089,1.221
0.107,-0.343,0.929,5.432,-0.854,2.563
0.119,-0.338,0.916,2.380,3.662,5.188
0.136,-0.356,0.923,1.953,6.042,9.399
0.128,-0.377,0.906,3.723,3.662,11.902
0.097,-0.360,0.916,6.958,-0.366,13.123
0.066,-0.381,0.928,9.827,-3.540,12.756
0.041,-0.411,0.927,8.850,-3.967,11.902
0.032,-0.406,0.911,6.470,-4.150,10.498
0.018,-0.397,0.887,4.028,-3.296,8.179
0.008,-0.394,0.897,2.686,-0.732,6.226
0.036,-0.397,0.930,2.258,2.136,5.371
0.069,-0.391,0.942,1.648,5.371,5.371
0.103,-0.377,0.966,0.549,6.165,6.409
0.116,-0.354,0.986,-0.610,5.249,6.836
0.129,-0.292,1.022,1.221,2.747,5.188
0.139,-0.246,1.115,5.310,1.343,1.709
0.167,-0.209,1.182,7.690,2.502,0.061
0.221,-0.132,1.236,10.437,1.831,0.366
0.311,-0.139,1.198,13.855,-3.479,0.732
0.269,-0.035,1.317,16.907,-22.095,6.531
0.318,0.064,1.270,9.399,-44.800,8.911
0.150,0.118,1.459,6.287,-62.012,10.986
0.067,0.085,1.577,6.775,-59.814,12.695
0.043,-0.011,1.663,2.991,-42.786,16.602
0.063,-0.081,1.687,-9.033,-26.489,19.531
0.096,-0.103,1.679,-20.630,-20.020,19.409
0.079,-0.127,1.715,-28.442,-22.339,15.930
0.053,-0.151,1.714,-36.560,-26.917,9.399
0.040,-0.081,1.686,-45.898,-28.381,1.343
0.063,-0.055,1.696,-54.504,-26.733,-2.258
0.083,-0.043,1.699,-63.904,-24.719,-2.808
0.150,-0.016,1.655,-71.411,-21.362,-2.136
0.147,-0.025,1.698,-74.951,-22.949,-0.061
0.136,-0.030,1.732,-78.613,-27.100,2.502
0.132,-0.051,1.724,-82.153,-27.039,5.371
0.101,-0.051,1.750,-86.731,-28.748,8.545
0.086,-0.059,1.776,-90.820,-30.212,12.390
0.061,-0.114,1.809,-94.055,-32.471,15.320
0.012,-0.196,1.887,-99.915,-34.729,17.151
-0.045,-0.258,1.858,-111.389,-35.522,18.616
-0.047,-0.296,1.810,-121.216,-33.813,15.503
-0.073,-0.332,1.756,-128.723,-35.400,9.338
-0.087,-0.329,1.689,-135.559,-38.330,2.869
-0.096,-0.315,1.620,-139.954,-39.307,-3.967
-0.105,-0.285,1.577,-143.494,-37.476,-9.949
-0.064,-0.267,1.544,-146.118,-34.119,-13.367
-0.053,-0.263,1.504,-147.461,-30.090,-14.587
-0.063,-0.257,1.469,-148.621,-26.306,-14.343
-0.077,-0.245,1.420,-150.146,-21.973,-13.611
-0.097,-0.244,1.375,-151.367,-17.883,-13.916
-0.172,-0.206,1.350,-152.771,-13.306,-14.221
-0.128,-0.211,1.364,-152.466,-1.099,-13.916
-0.073,-0.237,1.367,-151.489,8.972,-14.526
-0.035,-0.233,1.392,-153.381,11.597,-16.602
-0.089,-0.175,1.377,-157.532,6.897,-15.564
-0.114,-0.168,1.294,-158.264,8.301,-13.733
-0.097,-0.198,1.204,-157.837,12.024,-12.756
-0.140,-0.184,1.143,-158.936,11.475,-11.841
-0.210,-0.209,1.029,-157.532,10.437,-12.573
-0.452,-0.181,0.959,-154.663,18.738,-15.747
-0.477,-0.191,1.000,-146.423,47.607,-25.696
-0.304,-0.264,0.842,-141.846,89.050,-39.917
-0.293,-0.337,0.666,-138.855,130.127,-50.476
-0.067,-0.283,0.474,-146.240,150.024,-56.213
0.106,-0.122,0.597,-152.283,127.502,-48.950
0.167,-0.281,0.706,-132.751,84.717,-44.312

1.049,-0.076,0.099,57.434,1.770,288.757
0.888,0.075,-0.062,57.800,-57.922,184.021
0.981,0.380,-0.031,73.486,-45.593,58.655
0.900,0.328,0.173,76.538,-40.771,-26.672
0.585,0.249,0.254,52.612,-82.214,-63.538
0.292,0.204,0.233,11.597,-133.789,-78.674
0.217,-0.050,0.681,-23.071,-155.396,-88.379
0.325,0.053,0.638,-81.909,-122.437,-78.369
0.303,0.296,0.312,-142.761,-80.200,-60.547
0.261,0.380,0.331,-128.296,-75.500,-68.787
0.380,0.422,0.412,-101.990,-53.345,-70.435
0.452,0.424,0.401,-86.609,-36.499,-57.800
0.586,0.349,0.383,-74.219,-33.203,-47.668
0.750,0.240,0.389,-59.753,-39.185,-37.781
0.748,0.052,0.429,-47.119,-43.152,-23.560
0.695,-0.108,0.501,-40.161,-43.518,-15.442
0.721,-0.132,0.478,-39.185,-39.734,-18.066
0.665,-0.008,0.478,-36.987,-34.302,-21.790
0.589,0.127,0.473,-31.006,-25.818,-23.132
0.562,0.200,0.495,-22.400,-17.822,-24.597
0.601,0.221,0.517,-13.123,-10.620,-23.926
0.587,0.214,0.539,-8.301,-1.404,-15.808
0.576,0.209,0.552,-6.775,14.832,-5.005
0.587,0.208,0.544,-5.920,31.372,1.953
0.614,0.203,0.534,-3.479,43.457,4.822
0.668,0.197,0.526,-1.221,48.218,5.615
0.721,0.180,0.515,-1.099,43.030,7.629
0.738,0.162,0.489,-2.319,29.541,9.338
0.704,0.138,0.447,-1.282,15.808,8.545
0.646,0.107,0.425,2.258,8.362,3.174
0.624,0.097,0.416,3.784,6.592,-5.371
0.667,0.135,0.401,1.892,7.385,-13.855
0.718,0.170,0.374,2.258,6.470,-19.348
0.726,0.188,0.370,6.104,3.113,-19.714
0.745,0.187,0.368,9.888,-3.052,-18.127
0.743,0.176,0.381,12.085,-11.536,-16.052
0.753,0.172,0.411,11.902,-22.400,-15.808
0.758,0.163,0.437,9.888,-35.767,-16.174
0.734,0.149,0.478,8.118,-46.509,-16.174
0.693,0.122,0.534,6.836,-54.321,-15.869
0.684,0.084,0.600,3.601,-60.547,-14.771
0.692,0.045,0.646,-3.479,-64.697,-12.024
0.697,0.005,0.696,-15.686,-63.599,-4.395
0.665,0.004,0.807,-31.311,-52.490,5.737
0.689,0.048,0.817,-41.443,-26.245,14.465
0.673,0.066,0.683,-32.288,1.770,17.029
0.626,0.095,0.553,-23.560,18.250,17.212
0.567,0.139,0.475,-25.818,25.330,17.944
0.523,0.186,0.413,-33.447,29.541,20.691
0.471,0.231,0.358,-38.574,33.752,23.865
0.466,0.256,0.330,-37.415,37.231,26.611
0.536,0.271,0.322,-30.518,35.156,28.137
0.591,0.249,0.316,-19.592,25.513,29.602
0.666,0.205,0.360,-7.263,8.423,28.198
0.695,0.101,0.393,4.517,-14.465,21.118
0.742,0.019,0.452,13.733,-32.471,4.944
0.679,-0.023,0.506,20.691,-38.696,-11.536
0.559,-0.041,0.530,24.902,-38.269,-18.738
0.506,-0.018,0.497,22.461,-34.607,-19.531
0.446,-0.005,0.454,15.930,-28.687,-20.142
0.353,0.044,0.393,6.714,-20.630,-22.095
0.271,0.100,0.353,-1.526,-8.301,-23.743
0.216,0.155,0.322,-7.263,4.517,-20.508
0.174,0.186,0.287,-10.254,12.329,-11.597
0.177,0.178,0.260,-7.996,15.991,-2.380
0.209,0.145,0.238,-2.258,14.282,4.456
0.217,0.099,0.232,5.676,8.789,8.057
0.253,0.060,0.241,12.329,3.296,8.057
0.284,-0.021,0.270,17.029,-5.371,5.920
0.333,-0.077,0.270,17.761,-19.470,0.183
0.375,-0.105,0.261,17.151,-33.691,-6.714
0.372,-0.124,0.292,18.982,-44.250,-13.245
0.387,-0.119,0.319,19.592,-51.758,-16.785
0.454,-0.098,0.344,18.616,-57.617,-15.137
0.446,-0.092,0.354,18.188,-65.002,-7.263
0.417,-0.091,0.396,19.592,-69.702,2.014
0.389,-0.080,0.467,25.269,-69.641,8.545
0.357,-0.077,0.542,38.025,-63.782,9.766
0.376,-0.099,0.534,53.162,-52.246,6.775
0.448,-0.156,0.506,66.162,-57.861,2.808
0.514,-0.196,0.600,74.158,-51.208,2.869
0.484,-0.176,0.568,65.430,-30.212,9.277
0.451,-0.176,0.546,48.523,-12.634,20.630
0.413,-0.165,0.543,33.569,-9.094,27.588
0.369,-0.145,0.550,23.071,-15.808,29.968
0.397,-0.169,0.667,21.240,-21.484,27.710
0.453,-0.119,0.770,36.743,-31.128,10.437
0.454,-0.111,0.740,71.960,-45.715,-22.156
0.496,-0.177,0.741,107.300,-44.617,-52.185
0.505,-0.206,0.742,116.455,-37.964,-65.613
0.523,-0.241,0.771,115.845,-35.461,-71.045
0.572,-0.271,0.823,117.920,-32.410,-75.500
0.618,-0.273,0.851,117.249,-25.818,-78.430
0.649,-0.267,0.865,117.126,-17.090,-76.904
0.665,-0.262,0.878,123.169,-9.583,-71.045
0.692,-0.268,0.910,129.272,-6.104,-65.979
0.718,-0.309,0.946,131.226,-7.507,-62.744
0.721,-0.365,1.015,131.042,-7.812,-61.768
0.729,-0.327,0.983,125.244,-8.057,-61.523
0.745,-0.316,1.032,114.685,-8.850,-63.293
0.764,-0.354,1.045,113.892,1.160,-59.387
0.816,-0.349,0.990,118.286,3.723,-57.922
0.796,-0.448,1.047,121.277,-5.981,-56.702
0.728,-0.503,1.129,116.943,9.155,-50.598
0.769,-0.530,1.031,106.934,23.926,-47.363
0.908,-0.517,1.054,102.234,16.235,-48.767
0.765,-0.565,1.106,99.670,-7.874,-37.659
0.748,-0.576,1.249,92.651,-1.099,-28.015
0.778,-0.557,1.141,88.013,13.367,-37.415
0.857,-0.525,1.068,87.952,10.620,-45.776
0.838,-0.486,1.088,83.313,-1.343,-46.204
0.822,-0.509,1.079,79.529,-9.705,-39.551
0.817,-0.509,1.126,76.294,-16.235,-30.029
0.794,-0.538,1.150,73.853,-14.282,-20.203
0.794,-0.574,1.114,64.697,-10.864,-8.911
0.802,-0.603,1.126,54.504,-8.423,-0.854
0.807,-0.622,1.133,46.143,-5.920,4.517
0.770,-0.582,1.106,37.476,0.732,6.104
0.731,-0.568,1.099,26.611,11.414,7.263

0.798,-0.436,1.323,-30.945,-27.710,14.893
0.763,-0.426,1.298,-40.039,-30.884,15.808
0.727,-0.398,1.294,-47.485,-34.363,15.442
0.692,-0.382,1.280,-53.040,-36.682,15.503
0.676,-0.360,1.272,-58.105,-36.682,17.639
0.643,-0.313,1.275,-62.073,-34.180,20.935
0.658,-0.280,1.294,-64.392,-29.968,22.583
0.693,-0.286,1.324,-63.904,-27.100,25.024
0.746,-0.298,1.350,-62.500,-26.428,29.114
0.766,-0.318,1.371,-61.523,-28.625,34.790
0.760,-0.302,1.386,-60.425,-35.645,39.856
0.708,-0.273,1.425,-60.181,-43.579,39.063
0.697,-0.374,1.438,-62.622,-49.316,34.912
0.657,-0.422,1.457,-69.946,-50.659,38.696
0.610,-0.434,1.492,-79.773,-46.875,45.593
0.580,-0.421,1.518,-91.248,-39.124,50.659
0.542,-0.409,1.556,-101.318,-29.480,54.077
0.568,-0.422,1.569,-108.582,-22.461,54.321
0.548,-0.456,1.562,-113.159,-20.630,53.589
0.513,-0.471,1.555,-117.371,-22.339,51.147
0.444,-0.482,1.527,-122.253,-22.827,48.157
0.395,-0.486,1.500,-127.319,-18.799,45.898
0.375,-0.476,1.457,-131.653,-11.353,44.067
0.362,-0.446,1.400,-134.399,-3.296,42.969
0.371,-0.412,1.328,-134.460,3.601,41.565
0.354,-0.378,1.252,-131.775,7.507,40.222
0.322,-0.344,1.203,-127.014,10.620,40.283
0.294,-0.343,1.158,-121.887,16.785,41.016
0.264,-0.357,1.115,-117.859,25.940,40.344
0.371,-0.333,1.087,-114.746,33.936,37.903
0.403,-0.354,1.079,-113.525,34.424,38.025
0.359,-0.341,1.077,-114.502,32.410,39.612
0.328,-0.339,1.062,-117.554,32.959,42.725
0.322,-0.339,0.996,-123.047,34.180,44.861
0.278,-0.328,0.908,-129.700,31.250,44.006
0.204,-0.287,0.812,-135.132,27.466,39.490
0.108,-0.221,0.700,-135.315,27.771,32.959
0.088,-0.117,0.656,-131.409,37.903,24.353
-0.083,-0.052,0.574,-124.634,53.589,17.151
-0.097,-0.014,0.439,-112.183,84.412,10.925
-0.008,-0.008,0.374,-99.121,113.098,1.709
0.064,0.073,0.397,-82.886,135.376,-13.306
0.206,0.120,0.435,-60.913,152.588,-27.893
0.359,0.079,0.458,-41.199,158.569,-33.386
0.534,0.029,0.444,-23.682,151.794,-31.250
0.589,0.005,0.542,-18.311,123.230,-26.062
0.589,-0.071,0.645,-15.686,95.276,-16.907
0.551,-0.091,0.695,-15.381,75.134,-6.531
0.447,-0.117,0.687,-18.066,62.317,-0.977
0.367,-0.166,0.633,-23.193,60.852,3.113
0.338,-0.187,0.606,-28.687,66.956,3.540
0.298,-0.163,0.530,-32.471,75.012,1.892
0.294,-0.183,0.478,-33.630,81.055,0.610
0.318,-0.184,0.453,-34.302,89.233,-4.089
0.304,-0.128,0.433,-36.743,92.957,-9.399
0.319,-0.028,0.395,-40.344,93.689,-12.512
0.372,0.091,0.352,-42.847,88.989,-12.329
0.390,0.095,0.301,-42.664,79.224,-11.353
0.429,0.116,0.265,-35.950,74.158,-8.301
0.447,0.127,0.214,-30.518,66.284,-2.502
0.462,0.118,0.173,-25.635,57.800,1.770
0.458,0.107,0.164,-19.104,52.551,5.310
0.494,0.116,0.182,-11.963,54.871,7.751
0.550,0.123,0.203,-4.761,59.448,9.827
0.605,0.139,0.226,2.319,60.547,13.245
0.639,0.140,0.252,9.705,56.091,17.883
0.613,0.135,0.302,17.212,46.570,22.522
0.578,0.102,0.366,22.400,35.645,25.635
0.552,0.069,0.400,22.827,24.353,28.809
0.495,0.076,0.399,17.395,14.160,32.776
0.394,0.102,0.400,9.460,4.517,35.889
0.317,0.096,0.398,3.174,3.418,37.903
0.250,0.103,0.366,-3.174,8.545,38.818
0.216,0.113,0.326,-9.399,15.808,37.781
0.224,0.121,0.267,-13.062,23.071,34.546
0.251,0.156,0.223,-13.855,29.114,30.334
0.255,0.209,0.189,-11.597,33.752,25.818
0.254,0.264,0.170,-5.493,36.194,19.897
0.236,0.292,0.171,1.892,36.499,13.794
0.252,0.297,0.199,8.484,37.292,8.606
0.284,0.263,0.237,13.489,39.246,4.761
0.309,0.232,0.263,14.343,40.344,3.235
0.327,0.217,0.276,11.230,40.710,2.319
0.352,0.232,0.271,7.324,41.321,0.061
0.394,0.254,0.263,4.639,40.771,-3.296
0.419,0.270,0.262,4.211,37.415,-7.324
0.431,0.269,0.255,5.005,33.875,-11.475
0.446,0.268,0.246,6.836,32.410,-14.893
0.480,0.274,0.247,9.644,32.776,-17.212
0.529,0.270,0.255,13.855,32.959,-18.921
0.581,0.268,0.284,18.127,31.189,-20.142
0.596,0.224,0.306,22.766,24.719,-21.790
0.606,0.282,0.362,26.245,15.930,-24.292
0.561,0.292,0.397,25.452,10.010,-21.729
0.524,0.250,0.408,22.095,9.338,-16.846
0.519,0.207,0.394,16.602,13.123,-11.536
0.518,0.191,0.366,12.451,17.334,-8.789
0.502,0.195,0.336,9.460,19.714,-9.155
0.463,0.188,0.327,7.141,21.423,-10.681
0.440,0.221,0.332,5.920,25.879,-12.085
0.410,0.211,0.304,4.578,34.851,-12.085
0.415,0.198,0.287,4.211,44.312,-13.428
0.439,0.202,0.259,4.761,48.523,-17.273
0.461,0.209,0.244,8.362,47.180,-21.606
0.464,0.224,0.244,13.123,43.762,-25.146
0.490,0.220,0.270,18.127,41.565,-27.771
0.540,0.188,0.292,23.926,39.063,-28.442
0.568,0.147,0.314,29.419,33.875,-27.588
0.584,0.117,0.349,32.959,29.541,-26.367
0.596,0.088,0.370,33.630,27.893,-24.780
0.609,0.047,0.367,31.677,25.269,-22.644
0.572,0.037,0.377,30.029,19.348,-19.104
0.498,0.028,0.382,25.208,11.597,-16.968
0.431,0.046,0.334,20.630,4.089,-20.142
0.360,0.085,0.306,18.066,1.953,-25.513
0.329,0.104,0.294,17.883,4.883,-31.189
0.359,0.062,0.285,19.470,11.169,-37.598
0.370,0.016,0.296,21.606,19.226,-43.091
0.529,-0.070,0.274,25.024,28.137,-47.913

1.294,-0.273,1.022,-55.481,37.170,13.428
1.339,-0.269,1.034,-61.096,38.330,10.925
1.412,-0.266,1.056,-66.833,38.269,10.986
1.420,-0.298,1.059,-74.951,36.316,17.456
1.388,-0.344,1.020,-84.778,35.828,27.832
1.358,-0.382,0.967,-92.285,36.621,34.485
1.319,-0.394,0.916,-98.267,35.889,38.330
1.274,-0.379,0.873,-101.135,34.241,40.466
1.267,-0.389,0.850,-100.342,31.616,41.077
1.246,-0.382,0.839,-97.168,28.870,41.748
1.210,-0.394,0.821,-93.994,24.902,45.654
1.191,-0.410,0.832,-92.224,18.127,48.218
1.203,-0.411,0.846,-90.942,15.137,49.500
1.185,-0.421,0.855,-89.417,11.841,51.086
1.190,-0.434,0.889,-88.013,10.498,53.040
1.181,-0.456,0.904,-86.365,8.240,54.871
1.133,-0.469,0.882,-87.280,6.287,56.213
1.089,-0.467,0.854,-89.355,6.348,56.152
1.072,-0.448,0.841,-90.637,10.193,56.396
1.056,-0.439,0.819,-93.384,19.531,61.035
1.054,-0.437,0.802,-96.619,31.555,70.374
1.086,-0.398,0.799,-99.854,44.922,81.726
1.079,-0.371,0.800,-100.464,55.115,93.445
1.056,-0.375,0.799,-97.412,60.852,103.882
1.032,-0.399,0.809,-92.590,60.242,111.450
0.980,-0.470,0.828,-87.830,55.847,115.784
0.881,-0.541,0.837,-84.167,49.927,118.835
0.775,-0.576,0.836,-85.022,44.617,119.080
0.734,-0.581,0.814,-89.844,41.748,116.211
0.629,-0.546,0.787,-94.849,41.077,112.183
0.500,-0.504,0.695,-98.206,38.879,106.689
0.457,-0.545,0.628,-101.135,27.771,101.013
0.432,-0.583,0.561,-102.112,24.902,87.830
0.395,-0.495,0.463,-103.027,25.513,71.106
0.421,-0.361,0.406,-104.858,21.240,65.125
0.462,-0.271,0.373,-104.919,15.686,65.613
0.499,-0.202,0.339,-100.647,12.451,68.604
0.466,-0.162,0.288,-95.886,11.719,76.416
0.453,-0.140,0.248,-92.468,16.846,84.412
0.435,-0.154,0.206,-88.379,22.766,89.905
0.391,-0.151,0.207,-83.313,22.278,93.140
0.326,-0.124,0.223,-78.125,15.991,93.750
0.201,-0.121,0.197,-73.120,5.676,92.346
0.205,-0.148,0.183,-68.909,2.075,85.754
0.166,-0.171,0.171,-64.270,-5.432,72.632
0.077,-0.135,0.158,-61.340,-11.902,58.777
0.088,-0.066,0.119,-60.669,-7.263,44.800
0.149,-0.012,0.073,-60.242,-3.906,30.090
0.193,0.063,0.058,-57.800,-3.967,20.020
0.261,0.153,0.023,-54.749,1.831,16.357
0.333,0.258,-0.010,-52.368,11.353,17.883
0.387,0.351,-0.035,-49.194,17.822,24.292
0.411,0.390,-0.054,-43.579,18.738,33.020
0.409,0.371,-0.032,-34.180,17.395,40.588
0.426,0.320,0.016,-24.597,19.226,46.387
0.450,0.272,0.062,-18.494,22.095,50.415
0.462,0.250,0.096,-15.076,20.813,52.307
0.441,0.270,0.111,-12.878,13.062,52.612
0.377,0.280,0.131,-10.681,2.808,51.941
0.377,0.266,0.125,-7.568,-3.784,48.889
0.337,0.268,0.142,-4.211,-9.460,43.884
0.273,0.265,0.139,-2.869,-13.672,37.598
0.234,0.287,0.127,-2.991,-12.085,31.982
0.221,0.307,0.099,-3.540,-3.967,25.635
0.259,0.324,0.069,-4.089,9.338,18.982
0.269,0.346,0.056,-6.104,21.606,14.709
0.264,0.370,0.051,-9.766,30.640,12.695
0.318,0.402,0.046,-12.207,39.490,10.315
0.388,0.423,0.049,-10.559,44.678,7.263
0.447,0.406,0.090,-5.615,42.175,4.700
0.484,0.393,0.127,-0.854,35.156,2.502
0.507,0.399,0.145,1.099,26.917,1.160
0.524,0.407,0.150,2.869,17.395,0.244
0.518,0.403,0.151,5.127,8.118,-0.305
0.501,0.392,0.150,6.836,0.793,-1.038
0.477,0.396,0.134,7.935,-3.967,-2.319
0.452,0.407,0.123,9.094,-6.226,-4.822
0.452,0.420,0.136,10.498,-5.371,-8.972
0.471,0.437,0.161,10.193,-0.366,-11.841
0.501,0.434,0.188,8.545,6.836,-12.756
0.523,0.435,0.177,6.531,12.756,-12.085
0.506,0.425,0.158,5.310,15.564,-11.230
0.507,0.419,0.136,5.005,17.578,-12.451
0.529,0.426,0.124,6.958,18.066,-16.052
0.536,0.425,0.111,10.376,15.442,-19.165
0.521,0.407,0.147,13.855,11.047,-20.935
0.539,0.419,0.149,15.198,11.292,-22.400
0.583,0.419,0.147,14.954,14.954,-23.621
0.615,0.418,0.145,16.052,16.418,-23.865
0.614,0.414,0.170,19.165,15.564,-24.536
0.620,0.417,0.198,22.095,15.564,-26.428
0.645,0.422,0.224,23.560,17.334,-28.259
0.679,0.430,0.254,23.865,19.470,-29.175
0.734,0.424,0.286,23.743,20.081,-28.442
0.789,0.417,0.317,23.010,17.395,-25.757
0.813,0.412,0.325,22.034,10.742,-21.729
0.796,0.385,0.307,20.874,0.671,-18.677
0.752,0.380,0.278,19.348,-6.775,-17.151
0.725,0.393,0.264,18.066,-9.583,-16.785
0.739,0.388,0.244,18.799,-10.071,-15.747
0.700,0.349,0.231,20.325,-11.658,-13.489
0.635,0.343,0.233,20.874,-13.794,-11.414
0.609,0.341,0.221,21.118,-13.550,-11.536
0.590,0.320,0.196,22.644,-12.634,-12.390
0.553,0.297,0.189,26.245,-13.428,-13.550
0.513,0.287,0.195,29.175,-15.869,-15.076
0.487,0.258,0.192,31.128,-16.541,-16.541
0.481,0.222,0.211,33.813,-14.587,-18.616
0.501,0.206,0.263,35.156,-9.644,-20.508
0.568,0.176,0.280,35.645,-6.470,-22.705
0.552,0.177,0.330,35.767,-8.545,-23.193
0.552,0.206,0.344,33.875,-9.338,-20.874
0.537,0.217,0.305,30.701,-12.817,-20.752
0.481,0.203,0.249,30.396,-20.447,-22.217
0.436,0.171,0.221,33.508,-26.794,-25.391
0.417,0.102,0.235,37.842,-26.245,-29.724
0.428,0.054,0.250,40.894,-19.775,-33.752
0.496,0.052,0.306,44.312,-15.808,-38.635
0.542,0.047,0.398,49.133,-17.944,-41.992

1.468,-0.109,1.224,-24.109,38.330,-4.028
1.572,-0.118,1.256,-33.386,41.504,5.188
1.638,-0.116,1.248,-41.748,36.255,18.860
1.652,-0.130,1.196,-46.265,23.193,33.752
1.572,-0.155,1.142,-46.326,6.714,46.082
1.489,-0.191,1.104,-44.495,-4.700,55.115
1.419,-0.264,1.080,-42.236,-9.521,62.073
1.350,-0.322,1.065,-41.931,-11.963,64.941
1.285,-0.364,1.072,-43.152,-13.123,65.186
1.226,-0.379,1.080,-46.204,-10.925,64.270
1.183,-0.389,1.087,-50.903,-5.737,64.026
1.177,-0.400,1.098,-56.519,0.488,65.857
1.179,-0.423,1.085,-63.049,7.751,67.871
1.200,-0.426,1.089,-69.641,15.564,68.237
1.228,-0.421,1.102,-74.341,23.315,68.054
1.252,-0.409,1.117,-78.247,31.250,69.580
1.269,-0.396,1.116,-82.153,38.025,74.036
1.294,-0.419,1.130,-87.036,43.213,80.322
1.314,-0.442,1.143,-91.919,48.462,88.806
1.308,-0.465,1.110,-97.534,51.880,98.450
1.309,-0.483,1.067,-102.112,52.246,102.661
1.264,-0.481,1.047,-103.027,47.729,102.539
1.220,-0.513,1.054,-101.318,41.077,102.600
1.165,-0.555,1.053,-100.525,36.987,102.600
1.100,-0.603,1.005,-103.882,36.133,102.051
1.036,-0.596,0.971,-109.009,36.987,97.473
0.985,-0.569,0.937,-113.098,42.480,91.919
0.944,-0.531,0.891,-115.417,51.575,88.379
0.940,-0.501,0.845,-116.089,64.575,87.219
0.973,-0.499,0.822,-115.417,77.515,88.257
1.015,-0.485,0.829,-114.014,88.013,91.614
1.015,-0.461,0.840,-112.732,92.834,98.145
1.012,-0.475,0.825,-111.023,90.820,106.262
1.061,-0.501,0.831,-108.765,85.144,114.197
0.681,-0.467,0.720,-106.445,77.026,119.019
0.715,-0.498,0.680,-102.539,82.520,118.530
0.709,-0.612,0.612,-100.037,51.331,113.831
0.513,-0.674,0.610,-94.849,40.771,103.210
0.543,-0.583,0.463,-94.238,49.622,82.764
0.489,-0.479,0.486,-96.252,40.100,77.759
0.533,-0.414,0.486,-94.482,42.419,75.317
0.542,-0.378,0.410,-89.539,50.171,70.618
0.528,-0.314,0.391,-85.327,50.049,70.007
0.487,-0.268,0.387,-79.956,44.373,72.632
0.460,-0.256,0.407,-74.402,33.752,80.078
0.263,-0.302,0.411,-70.801,22.888,90.027
0.183,-0.280,0.341,-68.604,20.142,96.130
0.143,-0.370,0.309,-67.932,11.780,99.731
0.071,-0.403,0.241,-69.275,-0.122,89.294
-0.076,-0.329,0.162,-71.350,-10.437,71.106
-0.103,-0.234,0.058,-74.463,-8.911,53.589
-0.051,-0.145,-0.069,-76.538,-3.540,38.086
-0.046,-0.060,-0.119,-74.402,0.183,25.146
-0.017,0.032,-0.174,-69.702,11.536,15.564
0.048,0.115,-0.206,-64.331,29.541,10.864
0.144,0.158,-0.184,-57.617,45.471,11.780
0.220,0.185,-0.160,-47.852,52.185,16.235
0.236,0.204,-0.090,-37.781,48.340,20.203
0.227,0.248,-0.010,-29.541,42.297,22.522
0.213,0.271,0.019,-24.109,35.583,25.818
0.188,0.216,0.047,-19.348,25.452,26.794
0.179,0.174,0.050,-16.296,17.944,22.888
0.155,0.160,0.048,-16.602,11.047,15.930
0.131,0.175,0.044,-18.372,5.798,6.775
0.131,0.217,0.011,-20.325,6.531,-4.456
0.145,0.264,-0.047,-21.912,16.357,-16.724
0.204,0.328,-0.106,-22.339,36.804,-25.574
0.324,0.385,-0.143,-21.057,60.974,-28.625
0.470,0.430,-0.123,-18.433,78.491,-27.161
0.606,0.463,-0.061,-14.160,84.290,-21.606
0.698,0.515,0.002,-8.240,76.599,-11.841
0.722,0.516,0.089,-0.366,57.190,-1.221
0.711,0.469,0.156,6.165,34.607,8.850
0.672,0.392,0.189,7.629,14.404,17.029
0.605,0.339,0.175,4.517,-0.977,20.630
0.542,0.350,0.141,-1.404,-9.094,20.081
0.507,0.374,0.107,-5.676,-12.207,16.602
0.504,0.378,0.079,-6.104,-12.329,10.315
0.492,0.377,0.059,-4.700,-10.620,3.967
0.482,0.382,0.053,-4.272,-7.507,-0.977
0.501,0.405,0.057,-3.723,-2.808,-4.517
0.513,0.432,0.059,-2.319,1.953,-6.714
0.525,0.454,0.067,-0.488,4.578,-7.202
0.521,0.456,0.056,1.770,4.333,-7.141
0.528,0.446,0.054,3.845,4.272,-7.690
0.535,0.443,0.054,4.944,6.165,-8.728
0.564,0.443,0.054,5.188,10.437,-10.376
0.622,0.442,0.064,5.798,15.991,-12.512
0.670,0.451,0.072,5.981,20.264,-13.794
0.694,0.462,0.075,6.531,20.935,-12.939
0.696,0.467,0.073,7.568,19.226,-10.498
0.674,0.464,0.071,9.033,16.479,-8.057
0.661,0.445,0.077,11.414,13.794,-6.714
0.644,0.427,0.094,14.099,12.512,-7.202
0.647,0.407,0.121,16.174,13.489,-8.911
0.652,0.388,0.138,16.479,15.381,-10.925
0.659,0.394,0.155,15.930,16.846,-12.878
0.672,0.398,0.164,15.198,16.296,-14.038
0.680,0.396,0.166,14.648,13.245,-14.343
0.681,0.394,0.160,14.648,7.385,-13.611
0.655,0.383,0.138,14.587,-0.488,-12.512
0.630,0.363,0.116,14.771,-7.385,-11.169
0.599,0.348,0.104,15.015,-12.085,-9.949
0.569,0.349,0.094,15.503,-14.832,-8.789
0.535,0.353,0.086,16.418,-17.517,-7.080
0.488,0.332,0.090,19.104,-20.874,-5.005
0.424,0.289,0.087,21.545,-23.254,-4.028
0.375,0.249,0.076,21.973,-23.926,-5.188
0.355,0.223,0.073,22.461,-22.583,-9.399
0.349,0.210,0.086,23.193,-20.203,-15.198
0.354,0.205,0.108,23.437,-17.944,-20.447
0.356,0.203,0.124,23.865,-17.395,-23.926
0.335,0.192,0.130,24.292,-19.287,-25.757
0.319,0.161,0.128,25.391,-21.790,-27.832
0.309,0.135,0.130,27.222,-23.987,-30.823
0.290,0.119,0.118,29.297,-27.161,-35.645
0.280,0.088,0.103,31.372,-30.151,-42.664
0.292,0.070,0.096,32.715,-29.175,-50.476
0.300,0.067,0.100,33.203,-23.376,-57.312

1.597,-0.223,0.684,-4.883,5.798,-41.321
1.729,-0.254,0.577,-7.568,1.709,-35.828
1.714,-0.253,0.573,-6.836,-25.024,-27.771
1.606,-0.281,0.587,-3.296,-51.025,-18.860
1.504,-0.266,0.540,-0.610,-54.504,-15.442
1.446,-0.238,0.467,-1.221,-51.392,-11.841
1.398,-0.226,0.426,-2.686,-50.171,-5.310
1.349,-0.184,0.424,-1.099,-46.509,-0.427
1.302,-0.170,0.426,4.028,-45.166,5.310
1.241,-0.193,0.458,9.277,-44.617,11.902
1.187,-0.234,0.473,12.817,-42.603,16.846
1.118,-0.258,0.470,15.076,-38.879,18.738
1.048,-0.266,0.470,16.846,-35.400,18.860
1.000,-0.268,0.470,17.090,-31.921,19.287
0.961,-0.288,0.464,17.517,-28.076,20.203
0.913,-0.308,0.468,18.433,-25.574,20.386
0.871,-0.325,0.473,18.494,-23.437,20.691
0.850,-0.335,0.479,17.273,-20.508,20.630
0.828,-0.354,0.497,16.541,-17.761,20.508
0.797,-0.390,0.507,15.991,-15.259,20.386
0.776,-0.418,0.505,14.587,-12.939,19.653
0.754,-0.438,0.501,11.841,-10.315,18.250
0.732,-0.458,0.499,9.338,-7.080,16.663
0.696,-0.485,0.486,6.409,-4.822,14.954
0.661,-0.501,0.465,2.686,-2.014,12.146
0.636,-0.511,0.443,-2.197,2.808,7.690
0.634,-0.504,0.432,-7.568,9.155,3.357
0.686,-0.466,0.432,-11.292,14.709,0.000
0.740,-0.456,0.421,-11.841,15.686,-1.465
0.771,-0.421,0.426,-13.000,15.076,-2.441
0.809,-0.374,0.433,-10.071,9.644,-2.502
0.818,-0.365,0.431,-2.319,-2.014,-0.427
0.803,-0.439,0.379,7.385,-12.573,0.732
0.786,-0.458,0.385,10.559,-15.259,0.305
0.780,-0.438,0.405,9.216,-14.160,1.160
0.777,-0.372,0.428,5.005,-11.108,3.601
0.782,-0.417,0.405,2.136,-11.169,7.812
0.764,-0.437,0.415,3.967,-9.888,9.399
0.749,-0.438,0.427,4.639,-9.277,9.277
0.750,-0.414,0.441,2.625,-6.409,8.972
0.749,-0.399,0.455,1.526,-5.798,9.033
0.739,-0.453,0.438,2.258,-7.935,8.301
0.745,-0.413,0.463,2.502,-4.578,4.761
0.751,-0.407,0.460,1.404,-7.080,4.089
0.767,-0.419,0.463,-1.953,-4.639,4.517
0.771,-0.448,0.446,-7.568,-2.441,4.517
0.785,-0.438,0.419,-11.292,2.380,3.540
0.805,-0.392,0.418,-13.367,7.263,0.854
0.836,-0.335,0.415,-13.611,8.484,0.000
0.864,-0.308,0.404,-10.193,7.568,1.221
0.875,-0.318,0.406,-4.639,4.700,2.380
0.876,-0.332,0.424,0.732,1.648,3.479
0.877,-0.345,0.436,4.822,-0.732,4.700
0.893,-0.351,0.444,7.019,-3.235,6.531
0.897,-0.349,0.446,7.874,-6.226,8.545
0.876,-0.358,0.451,7.751,-9.338,10.986
0.866,-0.366,0.445,6.958,-10.193,13.000
0.881,-0.361,0.443,6.531,-10.437,12.878
0.897,-0.336,0.457,7.019,-11.353,10.376
0.927,-0.282,0.480,7.629,-13.245,7.385
0.963,-0.273,0.506,7.690,-15.076,4.395
1.002,-0.239,0.533,7.751,-15.747,0.610
1.096,-0.160,0.581,8.057,-13.733,-2.808
1.187,-0.082,0.641,7.935,-11.414,-4.639
1.260,-0.026,0.705,7.202,-8.972,-4.028
1.345,0.026,0.796,6.042,-5.615,-0.549
1.433,0.048,0.882,4.883,-3.418,7.385
1.498,0.048,0.930,4.150,-3.784,16.846
1.542,0.028,0.953,5.005,-10.010,25.818
1.502,0.013,0.975,5.127,-22.888,33.569
1.448,-0.034,0.966,3.479,-32.410,42.847
1.429,-0.094,0.949,-0.732,-37.170,49.988
1.419,-0.108,0.948,-7.263,-38.086,54.016
1.434,-0.119,0.910,-14.282,-37.720,56.458
1.428,-0.125,0.870,-19.836,-39.917,55.481
1.405,-0.119,0.852,-24.109,-41.382,52.124
1.395,-0.096,0.857,-28.259,-38.147,48.523
1.438,-0.075,0.868,-33.936,-30.518,48.340
1.524,-0.050,0.884,-39.612,-22.461,52.490
1.602,-0.028,0.915,-42.664,-18.066,58.838
1.657,-0.039,0.959,-42.480,-19.592,66.711
1.692,-0.078,1.005,-40.771,-24.658,75.439
1.700,-0.107,1.042,-40.344,-30.273,84.656
1.694,-0.151,1.050,-41.809,-36.865,94.849
1.647,-0.231,1.044,-44.800,-43.518,104.675
1.575,-0.293,1.057,-49.255,-45.959,111.450
1.520,-0.312,1.045,-57.190,-44.189,117.126
1.446,-0.322,1.032,-65.247,-42.236,122.070
1.379,-0.329,1.057,-70.190,-38.452,125.000
1.302,-0.385,1.083,-72.327,-31.555,127.502
1.231,-0.457,1.108,-75.256,-20.813,130.737
1.220,-0.521,1.095,-80.811,-11.292,133.362
1.163,-0.560,1.077,-85.876,-8.118,131.287
1.099,-0.590,1.032,-89.966,-7.202,128.662
1.029,-0.610,0.963,-94.299,-6.714,127.075
0.952,-0.605,0.878,-99.426,-4.761,126.160
0.897,-0.561,0.814,-104.248,0.732,124.878
0.880,-0.501,0.772,-108.521,10.620,124.207
0.899,-0.448,0.738,-110.596,20.142,124.146
0.911,-0.421,0.740,-108.582,25.146,124.146
0.916,-0.407,0.756,-104.919,28.198,124.268
0.979,-0.416,0.786,-102.905,30.640,125.671
0.795,-0.418,0.794,-102.356,31.372,127.686
0.709,-0.420,0.677,-101.990,38.269,127.380
0.675,-0.546,0.698,-98.938,33.264,123.535
0.702,-0.636,0.653,-96.802,42.542,110.901
0.779,-0.520,0.634,-100.281,37.903,95.886
0.732,-0.345,0.683,-105.103,1.831,98.877
0.708,-0.235,0.610,-105.713,-23.926,108.337
0.589,-0.222,0.494,-100.159,-34.058,110.352
0.503,-0.232,0.412,-93.628,-35.095,111.084
0.378,-0.243,0.350,-90.271,-26.917,112.549
0.242,-0.276,0.290,-88.928,-13.855,115.906
0.114,-0.298,0.271,-88.196,-4.089,116.943
0.087,-0.319,0.277,-87.585,4.272,113.953
-0.003,-0.384,0.270,-84.534,4.578,105.530
-0.152,-0.406,0.263,-82.520,4.089,90.637
-0.199,-0.406,0.180,-83.618,16.357,71.411
-0.128,-0.381,0.095,-87.708,26.672,47.852

1.550,-0.172,0.937,77.820,-24.353,-69.824
1.472,-0.174,0.898,78.918,-40.405,-60.120
1.435,-0.167,0.793,82.520,-47.241,-57.495
1.299,-0.166,0.789,83.435,-54.321,-62.378
1.235,-0.091,0.826,76.599,-50.903,-65.796
1.270,0.012,0.852,66.406,-32.715,-68.176
1.319,0.077,0.889,58.105,-13.306,-67.688
1.383,0.101,0.942,53.223,2.869,-63.965
1.447,0.073,0.979,49.316,14.160,-59.021
1.510,0.061,1.001,45.166,18.372,-53.589
1.518,0.058,1.001,41.260,14.587,-45.349
1.482,0.020,0.987,40.161,4.639,-33.081
1.393,-0.039,0.927,40.588,-6.409,-18.066
1.289,-0.120,0.856,43.213,-18.188,-4.150
1.160,-0.216,0.807,48.279,-28.503,5.798
1.021,-0.321,0.782,52.673,-33.691,12.390
0.923,-0.412,0.765,52.917,-32.837,14.099
0.895,-0.464,0.754,48.767,-28.015,10.010
1.000,-0.474,0.752,41.138,-22.156,2.014
0.998,-0.425,0.718,32.654,-18.250,-8.484
0.861,-0.382,0.717,27.039,-31.860,-18.738
0.864,-0.278,0.689,22.888,-28.931,-18.433
0.943,-0.233,0.612,20.264,-16.479,-18.555
0.970,-0.185,0.613,20.569,-15.686,-16.296
0.975,-0.200,0.641,22.766,-17.273,-10.437
0.977,-0.205,0.683,25.879,-11.536,-5.432
0.976,-0.234,0.722,26.428,-6.531,2.258
0.947,-0.258,0.753,23.499,-5.127,13.123
0.927,-0.308,0.768,21.729,-4.517,21.118
0.880,-0.341,0.770,20.691,-4.700,23.315
0.809,-0.375,0.763,19.348,-8.545,23.071
0.736,-0.391,0.761,18.005,-14.282,18.799
0.693,-0.379,0.753,16.418,-17.273,12.573
0.695,-0.352,0.732,14.038,-18.127,7.629
0.723,-0.423,0.707,12.695,-20.691,3.906
0.710,-0.424,0.692,12.817,-23.987,-2.441
0.681,-0.389,0.654,9.583,-22.400,-6.653
0.714,-0.366,0.617,2.747,-14.465,-8.057
0.742,-0.339,0.599,0.061,-7.507,-8.545
0.739,-0.339,0.584,0.488,-3.418,-9.155
0.752,-0.349,0.594,0.183,1.648,-7.996
0.781,-0.333,0.611,-2.136,8.484,-4.761
0.816,-0.319,0.627,-4.211,13.916,-0.793
0.839,-0.309,0.639,-4.272,13.733,3.723
0.841,-0.319,0.650,-2.197,8.362,7.446
0.820,-0.351,0.651,1.587,1.038,8.972
0.782,-0.367,0.650,5.371,-5.066,8.240
0.736,-0.311,0.684,7.812,-9.155,7.202
0.700,-0.414,0.635,4.456,-12.207,8.423
0.696,-0.463,0.618,0.854,-8.545,8.240
0.654,-0.440,0.618,-0.916,-6.042,4.944
0.638,-0.391,0.595,-2.991,-1.953,0.793
0.662,-0.386,0.576,-4.944,4.456,-0.916
0.674,-0.396,0.583,-6.165,9.521,-2.441
0.702,-0.374,0.592,-5.798,12.817,-4.150
0.733,-0.352,0.598,-5.859,11.169,-3.113
0.772,-0.354,0.598,-4.883,6.531,-0.427
0.775,-0.361,0.592,-1.709,1.770,0.732
0.749,-0.388,0.603,1.404,-3.174,1.892
0.718,-0.403,0.593,0.427,-4.333,4.456
0.693,-0.397,0.564,-2.869,-3.113,7.141
0.673,-0.391,0.548,-4.150,-1.770,8.179
0.671,-0.386,0.546,-3.540,-1.221,7.935
0.677,-0.376,0.553,-1.282,-1.953,6.714
0.691,-0.369,0.573,1.648,-3.357,5.005
0.725,-0.349,0.600,4.517,-4.517,3.418
0.779,-0.311,0.630,6.897,-6.226,1.953
0.843,-0.270,0.673,10.315,-10.437,0.732
0.885,-0.240,0.719,14.404,-16.296,-0.977
0.896,-0.220,0.752,16.785,-20.935,-2.686
0.904,-0.191,0.816,15.747,-20.935,-3.540
0.931,-0.133,0.872,10.132,-13.489,-3.479
0.994,-0.070,0.943,1.709,-2.380,-0.732
1.062,-0.034,0.985,-6.592,6.836,6.104
1.140,-0.017,1.058,-10.559,11.963,11.475
1.207,-0.018,1.125,-10.864,12.634,13.672
1.259,-0.046,1.185,-12.207,7.385,15.320
1.305,-0.062,1.195,-17.273,-0.183,17.517
1.309,-0.060,1.165,-25.085,-5.798,18.921
1.306,-0.035,1.130,-33.569,-10.071,19.470
1.299,-0.011,1.095,-41.138,-11.719,19.897
1.300,-0.021,1.070,-46.326,-11.536,20.081
1.321,-0.026,1.043,-50.171,-9.827,20.569
1.327,-0.021,1.045,-53.650,-7.446,22.095
1.346,-0.022,1.045,-58.105,-3.296,24.902
1.354,-0.040,1.022,-62.500,3.845,28.564
1.322,-0.060,1.019,-67.017,13.611,32.837
1.276,-0.088,1.034,-72.876,27.954,37.720
1.317,-0.076,1.084,-80.750,46.631,43.457
1.405,-0.057,1.164,-86.304,60.791,50.659
1.497,-0.095,1.230,-85.022,60.791,57.983
1.527,-0.171,1.262,-79.651,48.401,61.951
1.487,-0.249,1.275,-76.904,30.273,64.026
1.422,-0.318,1.278,-78.674,14.648,66.345
1.352,-0.354,1.239,-83.008,4.211,68.054
1.277,-0.389,1.185,-86.609,-3.662,67.932
1.217,-0.438,1.150,-89.600,-7.874,67.749
1.172,-0.437,1.116,-95.581,-6.348,68.237
1.124,-0.424,1.040,-103.516,0.000,72.021
1.114,-0.424,0.954,-107.788,4.333,77.026
1.052,-0.431,0.930,-106.506,6.226,77.759
0.987,-0.433,0.912,-104.614,12.634,79.041
0.963,-0.405,0.906,-105.103,22.461,83.801
0.973,-0.382,0.895,-106.140,32.715,91.064
0.987,-0.376,0.892,-104.248,38.696,97.107
0.994,-0.384,0.921,-99.487,39.246,101.868
0.990,-0.414,0.945,-95.215,36.438,104.919
0.972,-0.440,0.942,-93.933,32.471,106.262
0.924,-0.448,0.921,-94.666,28.564,106.262
0.834,-0.468,0.895,-96.191,26.245,105.530
0.792,-0.486,0.844,-98.206,26.123,104.187
0.670,-0.503,0.828,-101.746,28.198,101.074
0.483,-0.512,0.767,-104.980,33.691,93.445
0.507,-0.498,0.713,-107.727,42.236,81.665
0.543,-0.536,0.698,-109.253,47.302,66.772
0.576,-0.481,0.663,-111.572,53.345,49.438
0.618,-0.347,0.609,-116.272,54.077,39.978
0.667,-0.229,0.567,-120.117,50.354,40.955
0.680,-0.165,0.497,-118.835,53.406,43.823

1.482,0.206,1.136,9.399,29.480,5.676
1.547,0.197,1.268,12.146,25.391,20.325
1.544,0.153,1.389,14.038,15.137,33.997
1.492,0.088,1.476,12.878,1.465,47.363
1.404,0.014,1.519,6.775,-7.385,58.472
1.323,-0.038,1.507,-4.761,-11.902,65.430
1.257,-0.075,1.475,-17.822,-13.367,68.970
1.212,-0.126,1.421,-30.090,-13.489,69.275
1.186,-0.140,1.357,-41.992,-12.573,66.833
1.176,-0.128,1.284,-52.979,-11.536,63.660
1.163,-0.125,1.212,-62.256,-8.789,60.486
1.199,-0.108,1.160,-70.923,-2.869,58.167
1.273,-0.069,1.124,-78.186,4.700,58.472
1.341,-0.035,1.124,-80.444,8.240,61.523
1.395,-0.045,1.142,-78.064,4.944,66.772
1.431,-0.089,1.148,-74.219,-1.892,73.669
1.413,-0.120,1.148,-72.144,-9.277,81.421
1.359,-0.146,1.119,-73.730,-13.977,89.905
1.299,-0.170,1.081,-76.111,-14.343,98.083
1.226,-0.208,1.065,-77.332,-11.475,105.530
1.150,-0.273,1.089,-78.430,-6.714,110.352
1.082,-0.341,1.129,-81.604,-0.854,112.427
1.019,-0.391,1.136,-87.158,7.019,110.718
0.979,-0.414,1.141,-93.994,14.832,103.516
0.950,-0.379,1.148,-101.440,24.292,93.384
0.993,-0.352,1.129,-107.788,35.889,85.999
1.027,-0.352,1.122,-110.962,40.405,79.773
1.051,-0.341,1.126,-111.877,40.405,74.341
1.101,-0.293,1.108,-114.746,41.626,72.144
1.171,-0.222,1.065,-118.469,43.457,74.768
1.224,-0.164,1.033,-117.981,41.443,80.688
1.220,-0.155,1.032,-113.708,34.546,88.989
1.238,-0.143,1.018,-110.107,28.564,99.426
1.245,-0.169,0.991,-106.689,21.729,110.596
1.147,-0.205,0.976,-100.708,12.207,118.347
1.015,-0.232,0.944,-96.008,2.686,123.718
0.659,-0.279,0.953,-95.154,6.287,126.343
0.806,-0.414,0.866,-96.497,19.409,118.958
0.620,-0.493,0.983,-99.365,16.724,108.337
0.655,-0.381,0.927,-103.821,32.410,95.764
0.683,-0.333,0.901,-112.122,31.677,94.971
0.573,-0.300,0.917,-119.812,22.766,99.915
0.553,-0.305,0.800,-121.277,33.264,96.619
0.542,-0.297,0.720,-123.352,43.457,93.262
0.543,-0.275,0.654,-124.695,47.302,91.248
0.488,-0.306,0.583,-121.887,42.053,90.088
0.380,-0.321,0.521,-118.042,32.288,88.989
0.309,-0.310,0.453,-116.211,30.945,87.891
0.318,-0.371,0.349,-114.014,29.114,85.144
0.137,-0.397,0.347,-110.168,16.968,76.233
0.045,-0.325,0.240,-109.070,23.132,62.805
0.066,-0.271,0.117,-111.084,34.546,52.185
0.060,-0.221,0.062,-110.413,36.926,43.518
0.008,-0.177,0.038,-104.797,35.767,35.522
-0.023,-0.119,-0.019,-101.196,41.321,29.968
0.018,-0.055,-0.067,-98.572,49.622,24.719
0.083,0.020,-0.077,-91.125,51.880,17.517
0.094,0.087,-0.068,-80.994,45.959,11.353
0.084,0.103,-0.045,-69.885,39.001,8.362
0.101,0.096,-0.036,-60.486,36.438,7.690
0.100,0.081,-0.015,-53.772,33.142,7.629
0.086,0.055,-0.016,-49.438,27.954,5.981
0.023,0.055,-0.025,-47.546,19.531,0.793
-0.074,0.087,-0.027,-48.767,11.719,-7.751
-0.130,0.148,-0.037,-52.429,12.634,-18.372
-0.085,0.293,-0.155,-58.472,27.771,-24.109
0.061,0.333,-0.311,-58.105,44.312,-20.935
0.149,0.393,-0.323,-47.668,46.082,-14.832
0.206,0.434,-0.272,-32.959,39.124,-12.268
0.243,0.437,-0.193,-19.714,32.837,-11.108
0.271,0.440,-0.091,-11.108,29.968,-7.935
0.306,0.416,-0.007,-6.958,28.870,-3.662
0.358,0.397,0.045,-5.554,24.048,-0.183
0.383,0.403,0.097,-4.456,12.390,0.305
0.336,0.400,0.110,-3.357,-2.991,0.549
0.271,0.395,0.108,-2.930,-15.259,0.671
0.239,0.397,0.071,-4.150,-19.836,-0.916
0.209,0.401,-0.000,-7.202,-19.165,-2.747
0.177,0.418,-0.067,-9.094,-16.602,-5.920
0.179,0.434,-0.115,-9.277,-10.254,-11.963
0.234,0.484,-0.138,-8.850,-0.305,-17.639
0.315,0.537,-0.148,-7.202,9.277,-19.714
0.388,0.552,-0.153,-2.502,13.184,-17.822
0.416,0.545,-0.130,4.395,11.841,-14.038
0.423,0.510,-0.108,10.254,9.155,-10.376
0.428,0.484,-0.086,14.771,7.385,-8.545
0.422,0.477,-0.059,18.494,5.981,-9.277
0.410,0.479,-0.026,21.423,6.470,-11.353
0.420,0.476,-0.008,22.156,10.498,-13.123
0.448,0.489,0.011,21.667,14.771,-15.564
0.486,0.487,0.031,22.461,17.090,-18.616
0.519,0.482,0.050,23.865,17.944,-22.766
0.552,0.493,0.079,25.513,16.907,-27.100
0.588,0.499,0.104,26.672,15.259,-29.846
0.625,0.530,0.133,26.978,13.306,-30.273
0.661,0.549,0.169,28.076,9.399,-27.405
0.672,0.531,0.184,29.846,1.953,-21.606
0.668,0.516,0.181,31.494,-7.690,-16.479
0.643,0.501,0.173,33.875,-18.311,-13.672
0.580,0.479,0.157,36.194,-27.954,-11.414
0.495,0.466,0.138,36.804,-32.166,-9.583
0.449,0.452,0.126,36.499,-29.480,-9.155
0.427,0.426,0.140,37.231,-24.048,-11.414
0.401,0.388,0.184,37.720,-18.982,-14.221
0.397,0.370,0.223,35.522,-13.062,-15.320
0.412,0.372,0.236,31.921,-8.850,-14.038
0.399,0.349,0.252,30.579,-10.193,-11.658
0.381,0.302,0.241,31.006,-16.174,-10.193
0.341,0.234,0.186,32.104,-25.146,-10.864
0.284,0.198,0.145,33.875,-33.630,-16.357
0.236,0.201,0.117,35.828,-36.743,-24.475
0.212,0.197,0.104,38.025,-35.156,-31.433
0.195,0.190,0.119,40.588,-30.579,-37.170
0.189,0.168,0.156,42.786,-24.231,-41.870
0.221,0.162,0.201,44.189,-17.029,-45.166
0.242,0.157,0.255,45.105,-11.536,-46.265
0.265,0.113,0.293,47.302,-9.888,-43.945
0.275,0.013,0.308,49.805,-12.817,-43.457
0.289,-0.055,0.337,49.866,-15.320,-50.232

1.316,-0.015,1.243,70.618,27.527,3.784
1.188,-0.006,1.312,74.402,-15.015,8.728
1.063,0.019,1.347,77.332,-34.363,32.104
1.028,-0.021,1.194,80.933,-32.043,45.288
0.935,-0.148,1.166,82.642,-43.640,53.589
0.792,-0.248,1.137,80.444,-48.767,60.425
0.684,-0.291,1.106,72.815,-38.391,61.829
0.623,-0.278,1.050,60.364,-24.536,61.646
0.603,-0.267,1.046,50.781,-13.733,62.378
0.624,-0.291,1.022,45.227,-8.484,62.622
0.592,-0.340,1.015,41.931,-9.277,59.448
0.570,-0.397,1.026,37.537,-13.245,53.772
0.552,-0.415,1.008,28.809,-13.489,47.180
0.627,-0.363,1.004,19.592,-12.085,40.466
0.653,-0.347,0.938,26.367,-26.428,32.715
0.626,-0.334,0.873,31.616,-38.086,26.245
0.584,-0.254,0.881,26.367,-37.415,24.597
0.614,-0.208,0.857,22.766,-34.485,25.757
0.621,-0.263,0.852,25.818,-31.311,26.367
0.640,-0.312,0.858,29.358,-29.968,27.649
0.643,-0.362,0.882,31.616,-31.067,31.982
0.633,-0.462,0.889,29.358,-28.625,34.912
0.619,-0.467,0.876,23.437,-22.583,35.034
0.632,-0.432,0.826,14.587,-17.761,36.560
0.629,-0.408,0.776,12.390,-19.226,37.781
0.575,-0.417,0.776,14.282,-24.719,37.964
0.504,-0.218,0.783,17.395,-30.151,36.682
0.559,-0.383,0.858,15.320,-33.081,40.283
0.510,-0.517,0.814,11.353,-36.133,36.011
0.599,-0.466,0.861,16.418,-38.147,17.090
0.684,-0.187,0.970,20.203,-38.635,2.380
0.732,-0.134,1.098,20.508,-38.452,0.427
0.833,-0.051,1.188,19.226,-39.246,4.211
0.936,0.035,1.295,22.095,-44.922,12.268
0.956,0.057,1.419,29.114,-56.152,25.208
0.956,0.053,1.539,35.278,-67.871,40.588
0.947,-0.019,1.647,39.734,-80.750,55.176
0.894,-0.137,1.725,39.063,-93.079,66.467
0.795,-0.247,1.761,32.776,-104.675,72.815
0.686,-0.327,1.744,20.508,-113.159,74.158
0.610,-0.399,1.690,6.104,-119.385,70.801
0.528,-0.446,1.626,-8.423,-124.817,63.538
0.454,-0.464,1.564,-22.156,-129.944,51.758
0.435,-0.477,1.526,-34.058,-131.165,37.781
0.461,-0.435,1.509,-43.152,-129.761,23.437
0.525,-0.394,1.501,-50.659,-130.005,11.597
0.589,-0.375,1.489,-55.969,-133.057,3.906
0.633,-0.374,1.477,-60.669,-136.780,-0.183
0.656,-0.358,1.453,-64.697,-139.893,-1.404
0.643,-0.332,1.413,-68.054,-141.541,0.488
0.626,-0.343,1.384,-69.702,-140.747,4.089
0.616,-0.367,1.384,-70.129,-136.169,7.996
0.569,-0.424,1.424,-72.937,-129.211,15.320
0.545,-0.480,1.424,-81.055,-120.300,25.208
0.529,-0.526,1.394,-90.759,-112.976,32.715
0.498,-0.536,1.355,-97.229,-111.084,32.837
0.437,-0.512,1.348,-100.891,-112.000,27.161
0.406,-0.522,1.345,-103.149,-113.220,20.996
0.382,-0.514,1.326,-105.591,-114.929,16.418
0.381,-0.469,1.291,-109.009,-116.211,11.902
0.373,-0.438,1.244,-112.061,-117.126,6.165
0.368,-0.422,1.175,-113.586,-116.333,0.671
0.334,-0.374,1.112,-114.197,-113.647,-2.075
0.276,-0.332,1.051,-113.892,-107.605,-1.892
0.228,-0.284,0.986,-110.962,-97.229,0.366
0.198,-0.241,0.952,-104.126,-85.144,4.028
0.168,-0.244,0.954,-94.910,-73.242,6.714
0.284,-0.327,1.046,-86.670,-61.462,8.728
-0.034,-0.451,1.133,-86.670,-51.453,12.573
0.031,-0.500,1.037,-96.313,-26.672,11.658
-0.075,-0.505,0.985,-110.168,-1.282,6.653
0.023,-0.440,0.812,-124.207,37.598,0.488
0.307,-0.301,0.768,-133.789,43.762,-3.174
0.267,-0.242,0.868,-127.563,-1.587,-3.662
0.245,-0.198,0.833,-115.173,-44.312,-6.287
0.174,-0.174,0.791,-106.079,-73.730,-12.329
0.074,-0.162,0.747,-98.999,-86.731,-14.954
0.033,-0.140,0.641,-95.093,-78.796,-16.602
-0.013,-0.151,0.541,-91.309,-61.279,-15.137
-0.103,-0.136,0.470,-86.609,-38.147,-11.353
-0.196,-0.144,0.414,-79.956,-11.292,-5.920
-0.262,-0.192,0.386,-72.571,15.259,-0.854
-0.423,-0.272,0.339,-65.308,40.283,1.282
-0.379,-0.273,0.297,-57.312,72.144,-5.920
-0.312,-0.285,0.367,-49.927,92.590,-21.790
-0.203,-0.231,0.496,-44.312,107.910,-41.626
-0.043,-0.226,0.623,-39.368,116.089,-59.631
0.159,-0.241,0.759,-37.231,101.196,-73.975
0.328,-0.264,0.919,-39.063,65.247,-84.351
0.433,-0.258,0.982,-48.401,29.053,-90.332
0.500,-0.152,0.894,-64.087,0.854,-91.614
0.488,-0.009,0.756,-82.397,-22.278,-83.435
0.370,0.120,0.570,-96.924,-31.555,-66.162
0.302,0.221,0.403,-102.356,-28.931,-44.373
0.213,0.310,0.282,-97.473,-23.254,-23.193
0.136,0.364,0.234,-82.825,-16.052,-7.141
0.074,0.343,0.241,-63.110,-10.071,5.371
0.003,0.259,0.321,-44.922,-7.385,15.747
-0.038,0.162,0.414,-35.461,-4.700,20.630
-0.059,0.136,0.486,-35.706,1.953,19.531
-0.031,0.153,0.544,-40.710,9.583,15.564
0.018,0.203,0.586,-45.166,13.000,10.315
0.077,0.248,0.610,-46.509,11.353,5.371
0.118,0.271,0.616,-46.021,6.226,2.258
0.102,0.314,0.597,-46.509,1.282,4.272
0.069,0.360,0.555,-47.302,0.122,10.315
0.048,0.373,0.503,-45.837,2.930,17.029
0.020,0.393,0.476,-41.321,6.409,20.935
0.000,0.412,0.490,-35.034,9.644,21.912
0.020,0.416,0.507,-29.480,13.794,21.973
0.048,0.403,0.527,-25.757,15.259,23.010
0.045,0.365,0.552,-22.400,11.780,24.963
0.002,0.320,0.588,-19.409,5.554,25.024
-0.037,0.294,0.627,-19.287,0.244,22.400
-0.017,0.296,0.639,-23.010,-1.526,18.188
0.017,0.328,0.615,-26.550,-3.296,13.489
0.032,0.357,0.582,-27.344,-8.850,10.071
-0.006,0.360,0.530,-26.184,-16.479,8.118
-0.077,0.368,0.477,-25.024,-19.165,7.263

1.099,0.107,1.399,-84.106,-77.332,56.641
1.095,0.039,1.431,-79.590,-83.313,69.336
1.050,-0.044,1.450,-77.942,-89.355,80.139
0.969,-0.132,1.436,-80.811,-93.079,88.196
0.851,-0.210,1.413,-86.243,-93.262,92.590
0.749,-0.286,1.375,-93.140,-90.454,93.018
0.696,-0.325,1.339,-100.220,-86.060,89.478
0.676,-0.330,1.318,-105.652,-81.238,82.947
0.666,-0.318,1.290,-109.497,-78.186,75.745
0.670,-0.302,1.260,-112.122,-78.308,70.740
0.699,-0.285,1.243,-113.525,-78.552,67.871
0.714,-0.271,1.207,-115.601,-78.796,67.383
0.708,-0.237,1.153,-119.629,-78.491,69.275
0.706,-0.205,1.098,-122.803,-77.209,71.716
0.616,-0.182,1.041,-122.803,-76.904,75.195
0.561,-0.180,1.003,-119.995,-73.242,80.872
0.511,-0.229,0.991,-116.333,-66.528,85.571
0.451,-0.284,0.991,-114.075,-58.044,86.426
0.423,-0.333,0.981,-114.258,-50.049,86.670
0.374,-0.342,0.984,-117.249,-45.166,86.121
0.346,-0.355,0.948,-120.117,-42.969,84.595
0.449,-0.361,0.938,-122.559,-41.870,79.834
0.150,-0.337,0.802,-124.146,-46.631,72.449
0.227,-0.286,0.686,-121.033,-38.513,60.059
0.113,-0.327,0.616,-117.371,-38.147,48.950
0.117,-0.231,0.535,-117.859,-13.062,35.217
0.317,-0.089,0.539,-120.789,-4.517,29.907
0.335,-0.011,0.619,-118.774,-27.893,35.706
0.313,0.016,0.636,-109.680,-43.518,41.321
0.318,0.043,0.623,-103.088,-47.668,45.105
0.292,0.028,0.594,-99.426,-47.241,49.561
0.233,0.010,0.555,-95.825,-40.955,51.880
0.132,-0.012,0.536,-94.604,-37.231,53.467
0.070,-0.008,0.520,-95.764,-28.442,50.537
0.086,0.023,0.501,-97.046,-20.081,43.457
0.120,0.066,0.504,-96.375,-19.531,36.438
0.130,0.116,0.514,-92.896,-23.071,30.884
0.146,0.144,0.506,-87.830,-24.109,27.222
0.161,0.162,0.499,-83.008,-23.682,26.001
0.170,0.185,0.496,-78.918,-24.841,26.489
0.161,0.204,0.472,-76.233,-28.320,27.527
0.128,0.222,0.439,-74.036,-33.508,28.992
0.100,0.243,0.405,-72.510,-36.316,29.968
0.132,0.280,0.387,-70.984,-35.217,30.396
0.144,0.297,0.378,-68.665,-34.119,32.166
0.132,0.316,0.364,-66.040,-33.081,34.546
0.115,0.338,0.340,-63.721,-30.762,37.231
0.097,0.365,0.322,-61.096,-25.940,38.147
0.105,0.389,0.300,-57.129,-22.217,38.635
0.080,0.387,0.289,-51.208,-23.804,40.283
0.057,0.364,0.272,-44.128,-27.527,41.077
0.011,0.338,0.260,-37.231,-30.396,38.635
-0.038,0.316,0.247,-32.349,-32.532,33.875
-0.095,0.327,0.225,-30.151,-30.334,27.588
-0.124,0.375,0.194,-30.945,-22.339,20.325
-0.135,0.444,0.163,-32.104,-12.085,14.221
-0.121,0.487,0.142,-31.372,-3.235,10.620
-0.095,0.497,0.153,-28.381,4.456,9.644
-0.059,0.501,0.174,-24.658,11.230,9.583
-0.025,0.511,0.199,-21.179,14.954,9.583
0.001,0.529,0.224,-17.517,14.648,9.460
0.034,0.557,0.257,-13.367,12.390,9.338
0.058,0.577,0.286,-8.972,9.033,11.169
0.066,0.573,0.316,-3.906,3.845,14.465
0.058,0.551,0.346,0.977,-1.648,17.151
0.029,0.524,0.370,4.883,-5.554,18.677
0.003,0.524,0.369,6.409,-8.118,18.738
-0.028,0.546,0.344,7.080,-10.742,17.456
-0.090,0.563,0.321,8.667,-12.451,15.625
-0.138,0.553,0.311,10.559,-9.888,12.451
-0.148,0.540,0.319,11.230,-2.563,7.812
-0.136,0.532,0.340,11.108,7.019,2.563
-0.111,0.542,0.364,10.132,15.747,-1.465
-0.080,0.562,0.386,8.789,22.827,-3.296
-0.047,0.575,0.396,8.850,26.001,-3.540
-0.015,0.576,0.393,10.681,25.024,-3.296
-0.016,0.566,0.372,13.367,21.301,-2.808
-0.041,0.557,0.348,16.296,17.639,-2.197
-0.048,0.563,0.338,18.311,17.822,-2.380
-0.025,0.576,0.339,19.958,19.775,-3.052
0.010,0.591,0.357,22.461,21.118,-3.601
0.029,0.603,0.382,26.062,19.836,-3.662
0.035,0.598,0.391,29.236,18.066,-3.113
0.029,0.587,0.396,31.860,17.578,-2.197
0.020,0.582,0.399,33.569,18.921,-1.465
0.007,0.579,0.396,34.180,21.912,-0.977
-0.003,0.577,0.393,35.095,24.536,-1.099
-0.011,0.556,0.399,37.354,27.222,-1.953
-0.003,0.528,0.430,40.222,30.518,-3.113
0.016,0.509,0.472,41.870,33.936,-4.028
0.041,0.485,0.500,42.725,36.072,-4.272
0.057,0.454,0.515,43.213,36.255,-4.150
0.070,0.437,0.532,43.640,34.912,-4.211
0.079,0.429,0.543,44.128,32.349,-4.761
0.073,0.424,0.529,44.495,28.259,-5.127
0.052,0.424,0.491,44.250,23.560,-5.859
0.018,0.430,0.459,45.105,20.752,-7.141
0.016,0.423,0.451,47.302,21.362,-8.057
0.059,0.393,0.484,51.514,23.132,-8.423
0.088,0.350,0.527,54.871,24.475,-8.423
0.118,0.325,0.557,54.871,24.536,-7.080
0.149,0.306,0.552,54.565,22.034,-5.005
0.143,0.297,0.529,56.641,16.846,-3.418
0.076,0.296,0.482,60.852,9.033,-1.587
-0.021,0.270,0.437,65.796,1.221,-1.038
-0.108,0.242,0.423,69.824,1.221,-3.906
-0.121,0.238,0.433,71.106,10.681,-9.399
-0.071,0.220,0.467,71.533,23.010,-15.808
-0.022,0.208,0.521,73.059,32.654,-21.606
0.072,0.187,0.573,75.378,39.612,-26.917
0.117,0.195,0.644,77.454,39.978,-30.518
0.182,0.190,0.639,78.125,39.612,-28.503
0.192,0.181,0.624,78.796,36.560,-26.917
0.156,0.181,0.630,81.055,31.494,-26.550
0.172,0.186,0.646,83.496,30.334,-27.405
0.223,0.200,0.671,84.717,31.738,-29.114
0.288,0.216,0.708,87.036,30.884,-29.968
0.333,0.245,0.752,90.454,27.283,-29.053
0.363,0.245,0.785,94.910,22.339,-25.635

-0.038,-0.370,2.061,-45.837,40.283,36.072
0.245,-0.217,1.408,-127.930,42.725,8.301
0.270,-0.084,0.836,-136.597,-1.038,-2.747
0.280,0.043,0.611,-121.277,-1.160,-6.653
0.293,0.164,0.643,-89.966,14.954,-9.888
0.219,0.175,0.762,-36.682,13.916,-15.808
0.071,0.146,0.937,14.465,-7.874,-15.930
0.018,0.075,1.026,37.781,-10.620,-8.606
0.114,-0.020,1.062,38.696,-0.854,-0.366
0.212,-0.123,1.049,29.846,7.080,7.629
0.222,-0.182,0.957,20.386,10.132,13.916
0.191,-0.222,0.902,16.357,9.277,21.240
0.228,-0.238,0.915,14.526,17.761,21.118
0.234,-0.225,0.989,8.911,22.705,13.000
0.202,-0.198,1.041,-0.671,22.827,7.996
0.179,-0.143,1.042,-13.184,24.475,10.742
0.196,-0.089,0.978,-25.757,30.029,14.954
0.180,-0.018,0.933,-33.997,31.372,11.169
0.142,0.020,0.911,-31.128,28.259,6.287
0.175,0.029,0.889,-16.479,22.278,1.709
0.214,0.012,0.879,1.465,15.442,-4.639
0.223,0.002,0.891,15.259,11.597,-6.470
0.256,-0.032,0.903,21.545,12.329,-5.493
0.317,-0.084,0.927,22.034,14.587,-4.028
0.332,-0.117,0.952,19.592,16.418,-3.540
0.342,-0.127,0.966,14.954,14.954,-2.686
0.345,-0.125,0.968,8.545,13.733,-2.258
0.321,-0.131,0.974,-0.122,13.916,-4.822
0.326,-0.143,0.959,-10.193,13.123,-8.301
0.308,-0.155,0.939,-18.860,14.526,-8.301
0.270,-0.144,0.910,-25.024,14.343,-3.906
0.207,-0.104,0.882,-29.785,10.254,1.282
0.203,-0.057,0.849,-33.142,7.324,4.761
0.222,-0.029,0.801,-33.020,9.216,1.160
0.175,0.010,0.719,-26.306,2.747,-5.554
0.146,0.044,0.605,-8.850,-17.700,-11.230
0.208,0.035,0.631,26.123,-31.555,-15.991
0.355,-0.071,0.854,74.707,-12.268,-22.034
0.462,-0.239,1.135,111.328,16.846,-22.400
0.369,-0.356,1.361,112.610,25.757,-8.118
0.231,-0.323,1.229,69.885,4.517,10.376
0.137,-0.226,1.010,15.747,-21.484,10.132
0.150,-0.176,0.917,-14.038,-17.334,-3.174
0.152,-0.126,0.886,-31.189,4.150,-10.132
0.166,-0.099,0.944,-43.518,16.113,-16.235
0.160,-0.043,0.983,-46.936,22.705,-20.325
0.137,-0.038,0.978,-44.495,24.292,-20.691
0.176,-0.068,0.940,-37.598,19.104,-21.973
0.262,-0.108,0.879,-26.062,15.259,-20.020
0.202,-0.155,0.897,-9.888,12.451,-15.869
0.148,-0.170,0.922,2.625,1.892,-7.812
0.208,-0.126,0.914,8.179,-3.357,-0.122
0.125,-0.078,0.925,13.977,2.930,1.282
0.138,-0.017,0.960,21.973,2.625,-0.977
0.141,0.026,0.969,26.001,1.282,2.686
0.100,0.007,0.980,28.809,-1.587,7.812
0.154,-0.023,0.987,30.273,-3.723,15.808
0.147,-0.031,0.953,31.250,-10.559,24.292
0.175,-0.089,0.894,33.142,-17.273,18.677
0.165,-0.164,0.861,35.095,-15.625,6.653
0.183,-0.241,0.893,35.950,-13.306,1.526
0.234,-0.283,0.934,33.813,-5.615,-0.732
0.257,-0.255,0.936,27.527,-1.160,-2.625
0.280,-0.254,0.968,22.339,-2.136,-3.357
0.250,-0.188,0.939,13.977,-1.282,0.671
0.217,-0.110,0.880,4.700,-2.441,5.554
0.215,-0.033,0.798,9.094,-7.019,5.249
0.212,-0.007,0.724,29.846,-18.250,3.113
0.198,-0.015,0.595,56.824,-37.109,5.188
0.188,-0.080,0.583,87.585,-62.500,14.099
0.129,-0.594,1.479,92.468,-89.172,30.945
0.023,-0.390,1.277,7.812,-82.275,50.049
0.183,-0.231,0.663,-35.156,23.071,52.063
0.206,-0.242,0.903,-40.161,20.752,42.969
0.223,-0.213,1.195,-34.302,-7.080,18.738
0.244,-0.192,0.960,-9.216,2.136,-8.850
0.174,-0.136,0.953,7.141,-3.906,-22.949
0.083,-0.105,0.972,11.658,-11.169,-24.658
0.122,-0.152,0.899,7.385,-5.859,-21.912
0.135,-0.175,0.898,-1.282,1.160,-8.240
0.109,-0.137,0.917,-8.484,1.587,5.554
0.145,-0.117,0.919,-18.494,7.446,12.939
0.179,-0.122,0.938,-32.410,15.564,14.038
0.194,-0.134,0.955,-43.213,26.733,11.719
0.168,-0.135,0.955,-45.959,32.410,10.010
0.195,-0.124,0.999,-44.067,27.405,9.155
0.191,-0.123,1.013,-44.922,21.667,9.888
0.157,-0.115,1.035,-53.345,10.803,12.451
0.166,-0.121,1.019,-69.580,5.554,17.456
0.104,-0.104,1.005,-85.510,1.770,21.790
0.224,-0.086,0.924,-94.543,7.812,23.437
0.206,-0.051,0.892,-96.619,13.428,21.423
0.205,-0.018,0.887,-86.670,13.306,15.442
0.131,0.037,0.892,-61.401,13.733,8.057
0.159,0.089,0.895,-23.560,7.629,2.380
0.095,0.124,0.924,10.376,-0.793,1.587
0.138,0.070,0.948,29.114,-6.104,2.808
0.200,-0.010,0.958,34.607,-3.479,4.089
0.231,-0.062,0.967,30.945,-3.845,6.897
0.208,-0.075,0.975,22.278,-4.639,9.827
0.188,-0.078,0.967,10.620,-2.808,11.963
0.182,-0.081,0.958,-0.305,0.732,11.841
0.184,-0.075,0.954,-7.385,3.174,10.681
0.187,-0.054,0.943,-8.972,3.601,9.399
0.203,-0.034,0.933,-5.615,2.625,7.019
0.218,-0.027,0.915,0.366,1.343,4.150
0.219,-0.036,0.914,4.150,-2.502,3.174
0.229,-0.072,0.920,-2.930,-6.287,6.226
0.225,-0.082,0.925,-20.630,-3.418,13.855
0.190,-0.070,0.923,-42.358,-0.793,19.409
0.184,-0.032,0.930,-59.021,0.122,17.761
0.156,0.039,0.986,-60.059,7.324,12.085
0.236,0.275,1.073,-38.147,19.897,4.822
0.131,0.100,0.949,9.888,1.221,-4.944
0.161,0.045,0.914,32.471,-10.925,-5.493
0.215,0.015,0.903,31.006,-5.005,0.427
0.228,-0.015,0.929,24.170,-0.977,5.310
0.200,-0.017,0.975,17.700,-3.357,6.165
0.217,-0.051,0.990,13.794,0.366,4.456

0.337,-0.136,0.816,-13.000,-138.611,24.170
0.277,0.058,0.293,-47.180,-202.271,36.316
0.549,-0.324,1.308,-1.831,-296.631,27.710
-1.165,0.416,2.798,-27.039,-332.214,33.630
-0.263,-0.200,0.170,-35.156,-92.529,31.250
0.236,0.176,0.246,19.409,86.609,26.367
0.185,-0.369,1.760,33.264,29.724,28.259
-0.369,0.106,1.121,-27.649,-78.491,22.095
-0.126,-0.103,0.731,-11.719,-22.217,12.756
-0.074,0.022,0.959,6.592,11.475,10.193
-0.092,0.040,0.966,0.122,-1.404,5.615
-0.097,0.048,0.974,5.005,6.775,2.869
-0.060,0.029,0.972,14.771,24.109,2.136
0.011,-0.031,0.980,20.325,34.546,1.648
0.081,-0.047,1.000,17.761,32.715,1.770
0.055,-0.058,0.966,7.263,12.085,3.052
0.003,-0.013,0.976,-1.587,-5.127,3.601
-0.002,-0.013,0.972,-3.479,-8.972,2.686
-0.067,0.019,0.954,-4.578,-10.925,2.380
-0.065,0.021,0.957,-1.038,-3.906,2.380
0.005,-0.023,0.976,5.676,7.996,2.136
0.030,-0.033,0.976,5.432,8.118,1.953
-0.044,0.007,0.964,0.488,-1.404,2.380
-0.046,0.010,0.969,1.587,0.427,2.380
0.008,-0.020,0.978,5.249,7.629,2.258
-0.003,-0.015,0.976,3.540,4.333,2.258
-0.007,-0.013,0.974,1.770,1.221,2.319
-0.036,0.004,0.974,1.648,0.183,2.380
0.004,-0.019,0.976,2.930,3.052,2.380
-0.029,-0.001,0.973,2.075,1.770,2.197
-0.005,-0.016,0.974,2.808,2.991,2.319
-0.021,-0.005,0.972,2.258,1.892,2.319
-0.005,-0.015,0.975,2.869,3.113,2.380
-0.021,-0.006,0.973,2.625,2.625,2.258
-0.006,-0.015,0.973,2.747,3.052,2.258
-0.020,-0.006,0.972,2.625,2.869,2.197
-0.007,-0.013,0.974,2.869,3.052,2.136
-0.018,-0.006,0.974,2.686,2.808,2.258
-0.009,-0.011,0.974,2.869,2.808,2.197
-0.016,-0.007,0.973,2.686,2.502,2.136
-0.012,-0.009,0.974,2.869,2.869,2.136
-0.014,-0.008,0.974,2.625,2.502,2.258
-0.013,-0.006,0.974,2.808,2.686,2.197
-0.014,-0.007,0.974,2.747,2.502,2.136
-0.015,-0.007,0.974,2.747,2.808,2.136
-0.013,-0.007,0.974,2.747,2.747,2.319
-0.015,-0.007,0.974,2.808,2.747,2.197
-0.013,-0.008,0.974,2.747,2.686,2.136
-0.015,-0.006,0.975,2.747,2.625,2.197
-0.014,-0.008,0.974,2.625,2.563,2.075
-0.015,-0.008,0.974,2.625,2.625,2.075
-0.014,-0.007,0.974,2.625,2.625,2.258
-0.014,-0.008,0.974,2.625,2.625,2.258
-0.015,-0.007,0.974,2.869,2.747,2.319
-0.015,-0.007,0.974,2.747,2.686,2.258
-0.015,-0.007,0.974,2.686,2.563,2.197
-0.013,-0.008,0.973,2.747,2.686,2.197
-0.015,-0.008,0.974,2.869,2.686,2.258
-0.015,-0.008,0.974,2.869,2.808,2.258
-0.014,-0.007,0.974,2.808,2.747,2.136
-0.014,-0.008,0.975,2.747,2.502,2.197
-0.013,-0.008,0.974,2.808,2.625,2.258
-0.014,-0.009,0.975,2.625,2.563,2.197
-0.013,-0.010,0.974,2.686,2.563,2.136
-0.013,-0.009,0.973,2.625,2.747,2.136
-0.013,-0.010,0.974,2.747,2.747,2.197
-0.013,-0.009,0.975,2.869,2.808,2.258
-0.013,-0.010,0.974,2.808,2.747,2.319
-0.013,-0.010,0.974,2.747,2.625,2.258
-0.013,-0.010,0.974,2.625,2.747,2.258
-0.013,-0.009,0.974,2.808,2.869,2.319
-0.013,-0.009,0.974,2.808,2.808,2.258
-0.014,-0.009,0.975,2.747,2.625,2.197
-0.013,-0.009,0.974,2.686,2.625,2.136
-0.013,-0.009,0.974,2.502,2.625,2.014
-0.013,-0.009,0.973,2.686,2.686,2.197
-0.014,-0.009,0.974,2.869,2.747,2.258
-0.014,-0.008,0.974,2.930,2.747,2.319
-0.014,-0.007,0.974,2.686,2.747,2.197
-0.015,-0.008,0.974,2.625,2.686,2.258
-0.014,-0.008,0.973,2.625,2.686,2.319
-0.014,-0.007,0.974,2.747,2.747,2.258
-0.015,-0.006,0.974,2.625,2.625,2.197
-0.015,-0.008,0.974,2.808,2.808,2.136
-0.014,-0.007,0.974,2.747,2.991,2.258
-0.014,-0.008,0.974,2.686,2.930,2.258
-0.012,-0.007,0.990,2.686,2.808,2.319
-0.010,-0.007,0.985,2.686,2.686,2.258
-0.016,-0.006,0.977,2.747,2.747,2.258
-0.013,-0.008,0.973,2.869,2.747,2.319
-0.017,-0.006,0.971,2.686,2.747,2.319
-0.013,-0.008,0.972,2.625,2.625,2.258
-0.016,-0.006,0.971,2.747,2.625,2.197
-0.013,-0.009,0.971,2.808,2.686,2.197
-0.016,-0.007,0.973,2.747,2.441,2.197
-0.013,-0.008,0.974,2.808,2.747,2.197
-0.014,-0.008,0.974,2.563,2.686,2.197
-0.014,-0.007,0.974,2.686,2.747,2.136
-0.013,-0.009,0.974,2.686,2.625,2.258
-0.014,-0.008,0.974,2.808,2.563,2.319
-0.012,-0.009,0.973,2.808,2.808,2.380
-0.014,-0.007,0.974,2.625,2.808,2.380
-0.012,-0.009,0.975,2.625,2.808,2.136
-0.013,-0.009,0.974,2.686,2.747,2.136
-0.013,-0.010,0.974,2.625,2.563,2.319
-0.014,-0.008,0.975,2.686,2.686,2.014
-0.013,-0.008,0.973,2.747,2.625,2.197
-0.013,-0.008,0.974,2.747,2.747,2.258
-0.013,-0.008,0.973,2.808,2.869,2.197
-0.014,-0.008,0.974,2.625,2.869,2.197
-0.014,-0.007,0.974,2.808,2.808,2.258
-0.013,-0.008,0.974,2.808,2.808,2.136
-0.015,-0.008,0.974,2.869,2.747,2.136
-0.014,-0.008,0.974,2.625,2.747,2.197
-0.014,-0.007,0.974,2.625,2.625,2.197
-0.014,-0.008,0.974,2.625,2.625,2.136
-0.014,-0.008,0.974,2.686,2.563,2.136
-0.015,-0.008,0.975,2.869,2.625,2.136
-0.014,-0.008,0.974,2.869,2.930,2.258
